[
{
    "model": "cars.car",
    "pk": 1,
    "fields": {
        "car_title": "Ferrari 488 GTB",
        "state": "TG",
        "city": "Hyderabad",
        "color": "White",
        "model": "488 GTB",
        "year": 2020,
        "condition": "Perfect",
        "price": 34200999,
        "description": "<p>The&nbsp;<strong>Ferrari 488</strong>&nbsp;(Type F142M) is a&nbsp;mid-engine sports car&nbsp;produced by the Italian automobile manufacturer&nbsp; Ferrari.&nbsp;The car replaced the 458, being the first mid-engine Ferrari to use a turbocharged V8 since the&nbsp;F40.&nbsp;It was succeeded by the&nbsp;Ferrari F8.</p>\r\n\r\n<p>The car is powered by a 3.9-litre&nbsp;twin-turbocharged V8 engine, smaller in displacement but generating a higher power output than the 458 naturally aspirated engine. The 488 GTB was named &quot;The Supercar of the Year 2015&quot; by car magazine&nbsp;Top Gear, as well as becoming&nbsp;2017 &quot;Best Driver&#39;s Car&quot;.&nbsp;Jeremy Clarkson&nbsp;announced the 488 Pista as his 2019 Supercar of the Year.The 488 was succeeded by the&nbsp;F8 Tributo&nbsp;in February 2019.</p>",
        "car_photo": "photos/2022/10/18/f-488-gtb-white.jpg",
        "car_photo_1": "photos/2022/10/18/1902536917.jpg",
        "car_photo_2": "photos/2022/10/18/1902536891.jpg",
        "car_photo_3": "photos/2022/10/18/1902537043.jpg",
        "car_photo_4": "photos/2022/10/18/1902537077.jpg",
        "features": "Cruise Control,Audio Interface,Airbags,Air Conditioning,ParkAssist,Power Steering,Reversing Camera,Direct Fuel Injection,Wind Deflector,Bluetooth Handset",
        "body_style": "Sports",
        "engine": "Ferrari F154 V8 engine",
        "transmission": "Automatic",
        "interior_color": "Grey",
        "miles": 5000,
        "doors": "2",
        "passengers": 2,
        "vin_no": "WHG6745V787",
        "milege": 8,
        "fuel_type": "Petrol",
        "no_of_owners": 1,
        "is_featured": true,
        "created_date": "2022-10-13T20:58:15Z"
    }
},
{
    "model": "cars.car",
    "pk": 2,
    "fields": {
        "car_title": "Toyota 4Runner",
        "state": "HP",
        "city": "Shimla",
        "color": "white",
        "model": "4Runner",
        "year": 2018,
        "condition": "Used",
        "price": 363210,
        "description": "<p>The&nbsp;<strong>Toyota 4Runner</strong>&nbsp;is an SUV&nbsp;manufactured by the Japanese automaker&nbsp;Toyota&nbsp;and marketed globally since 1984, across five generations. In Japan, it was marketed as the&nbsp;<strong>Toyota Hilux Surf</strong>&nbsp; and was withdrawn from the market in 2009. The original 4Runner was a&nbsp;compact SUV&nbsp;and little more than a Toyota&nbsp;Hilux&nbsp;pickup truck with a fiberglass shell over the bed, but the model has since undergone significant independent development into a cross between a compact and a mid-size SUV.</p>",
        "car_photo": "photos/2022/10/23/1893633876.jpg",
        "car_photo_1": "photos/2022/10/18/1893633884.jpg",
        "car_photo_2": "photos/2022/10/18/1893633875.jpg",
        "car_photo_3": "photos/2022/10/18/1893633879.jpg",
        "car_photo_4": "photos/2022/10/18/1896836883.jpg",
        "features": "Cruise Control,Airbags,Air Conditioning,Seat Heating,Alarm System,Reversing Camera,Direct Fuel Injection,Bluetooth Handset",
        "body_style": "SUV",
        "engine": "4.0L V6 Engine",
        "transmission": "Automatic",
        "interior_color": "Black",
        "miles": 8000,
        "doors": "5",
        "passengers": 6,
        "vin_no": "PKL6656V787",
        "milege": 19,
        "fuel_type": "Diesel",
        "no_of_owners": 2,
        "is_featured": false,
        "created_date": "2022-10-13T21:01:15Z"
    }
},
{
    "model": "cars.car",
    "pk": 3,
    "fields": {
        "car_title": "Ford Edge",
        "state": "AP",
        "city": "Visakhapatnam",
        "color": "Black",
        "model": "2017 Edge",
        "year": 2018,
        "condition": "Excellent",
        "price": 1980000,
        "description": "<p>The&nbsp;<strong>Ford Edge</strong>&nbsp;is a range of&nbsp;crossover SUVs&nbsp;manufactured by the&nbsp;Ford Motor Company.&nbsp;Introduced for the 2007 model year, the Edge is the first&nbsp;mid-size CUV&nbsp;marketed by Ford in North America; the model line is currently in its second generation. Deriving its name from a trim package of the&nbsp;Ford Ranger, the Ford Edge is positioned between the&nbsp;Ford Escape&nbsp;and the&nbsp;Ford Explorer&nbsp;within the Ford product line.</p>\r\n\r\n<p>&nbsp;</p>",
        "car_photo": "photos/2022/10/18/123.jpg",
        "car_photo_1": "photos/2022/10/18/01042621004_e02_md.jpg",
        "car_photo_2": "photos/2022/10/18/1901478618.jpg",
        "car_photo_3": "photos/2022/10/18/1901478672.jpg",
        "car_photo_4": "photos/2022/10/18/1901478687.jpg",
        "features": "Airbags,Air Conditioning,ParkAssist,Power Steering,Reversing Camera,Wind Deflector,Bluetooth Handset",
        "body_style": "SUV",
        "engine": "4.0L V7 Engine",
        "transmission": "Automatic",
        "interior_color": "Grey",
        "miles": 16000,
        "doors": "5",
        "passengers": 5,
        "vin_no": "VKL9956V569",
        "milege": 14,
        "fuel_type": "Diesel",
        "no_of_owners": 1,
        "is_featured": true,
        "created_date": "2022-10-13T21:08:04Z"
    }
},
{
    "model": "cars.car",
    "pk": 4,
    "fields": {
        "car_title": "Ford F-250 Super Duty",
        "state": "BR",
        "city": "Patna",
        "color": "Black",
        "model": "F-250 Super Duty",
        "year": 2019,
        "condition": "Used",
        "price": 569000,
        "description": "<p>The&nbsp;<strong>Ford Super Duty</strong>&nbsp;(short for F-Series Super Duty) is a series of heavy-duty pickup trucks produced by the&nbsp;Ford Motor Company&nbsp;since the 1999 model year. Slotted above the consumer-oriented Ford&nbsp;F-150, the Super Duty trucks are an expansion of the Ford F-Series range, from the F-250 to the F-550. Rather than adapting lighter-duty trucks for heavier use, Super Duty trucks have been designed as a dedicated variant of the Ford F-Series, including pickup trucks and chassis cab vehicles; the Ford F-450 is the largest pickup truck offered for sale in North America.</p>\r\n\r\n<p>Currently in their fourth generation, Super Duty trucks use a separate chassis from the F-150, including heavier-duty frame and chassis components, which allows for heavier payloads and towing capabilities. With a&nbsp;GVWR over 8,500&nbsp;lb (3,900&nbsp;kg), Super Duty pickups are&nbsp;Class 2 and 3&nbsp;trucks; chassis cab trucks are offered in Class 4 and 5 sizes. The model line also offers&nbsp;Ford PowerStroke&nbsp;V8 diesel engines as an option.</p>",
        "car_photo": "photos/2022/10/18/2020-ford-super-duty-f-250_100732449_h.jpg",
        "car_photo_1": "photos/2022/10/18/1894300894.jpg",
        "car_photo_2": "photos/2022/10/18/1894300905.jpg",
        "car_photo_3": "photos/2022/10/18/1894300920.jpg",
        "car_photo_4": "photos/2022/10/18/1900155133.jpg",
        "features": "Cruise Control,Audio Interface,Seat Heating,ParkAssist,Power Steering,Direct Fuel Injection,Wind Deflector",
        "body_style": "Truck",
        "engine": "Ford PowerStroke V8 diesel engines",
        "transmission": "Automatic",
        "interior_color": "Black",
        "miles": 12000,
        "doors": "2",
        "passengers": 2,
        "vin_no": "VGL99P6V569",
        "milege": 22,
        "fuel_type": "Diesel",
        "no_of_owners": 2,
        "is_featured": false,
        "created_date": "2022-10-13T21:13:11Z"
    }
},
{
    "model": "cars.car",
    "pk": 5,
    "fields": {
        "car_title": "Jaguar F-PACE",
        "state": "JK",
        "city": "Srinagar",
        "color": "Blue",
        "model": "2017  F-PACE",
        "year": 2021,
        "condition": "Normal",
        "price": 5683500,
        "description": "<p>The&nbsp;<strong>Jaguar F-Pace</strong>&nbsp;(X761) is a&nbsp;compact luxury crossover SUV made by&nbsp;Jaguar Land Rover, a British car manufacturer, under their&nbsp;Jaguar marque. It is the first model to be built by Jaguar in the SUV class. It was formally announced at the&nbsp;2015 North American International Auto Show&nbsp;in Detroit, with sales commencing in 2016 following an unveiling at the&nbsp;International Motor Show Germany&nbsp;in Frankfurt in September 2015.&nbsp;The design of the F-Pace is based on the 2013&nbsp;Jaguar C-X17 concept car.&nbsp;The 2017 Jaguar F-PACE has been named the honorary winner of the 2017 World Car of the Year and World Car Design of the Year Awards at the&nbsp;New York International Auto Show.</p>",
        "car_photo": "photos/2022/10/18/2018-Jaguar-F-Pace-Launched-In-India-Price-Engine-Specs-Interior-Features-1.jpg",
        "car_photo_1": "photos/2022/10/18/5841ee77e02ba760658b65af.webp",
        "car_photo_2": "photos/2022/10/18/f-pace-copy-57055af58f933.jpg",
        "car_photo_3": "photos/2022/10/25/1902932503.jpg",
        "car_photo_4": "photos/2022/10/25/20211004035125_Jag_2.jpg",
        "features": "Cruise Control,Airbags,Air Conditioning,Alarm System,ParkAssist,Power Steering,Reversing Camera,Bluetooth Handset",
        "body_style": "SUV",
        "engine": "Turbocharged 2.0-liter four-cylinder",
        "transmission": "Automatic",
        "interior_color": "Brown",
        "miles": 9000,
        "doors": "5",
        "passengers": 5,
        "vin_no": "WGG6745V999",
        "milege": 14,
        "fuel_type": "Petrol",
        "no_of_owners": 2,
        "is_featured": true,
        "created_date": "2022-10-13T21:20:42Z"
    }
},
{
    "model": "cars.car",
    "pk": 6,
    "fields": {
        "car_title": "Toyota Corolla",
        "state": "WB",
        "city": "Kolkata",
        "color": "white",
        "model": "Corolla",
        "year": 2020,
        "condition": "Perfect",
        "price": 1700000,
        "description": "<p>The Toyota Corolla is a series of compact cars (formerly subcompact) manufactured and marketed globally by the Toyota Motor Corporation.Introduced in 1966, the Corolla was the best-selling car worldwide by 1974 and has been one of the best-selling cars in the world since then. In 1997, the Corolla became the best-selling nameplate in the world, surpassing the Volkswagen Beetle. Toyota reached the milestone of 50 million Corollas sold over twelve generations in 2021.</p>\r\n\r\n<p>&nbsp;</p>",
        "car_photo": "photos/2022/10/23/08496dce07d3d48e97772f1873790353.jpg",
        "car_photo_1": "photos/2022/10/18/1900893299.jpg",
        "car_photo_2": "photos/2022/10/18/1900893329.jpg",
        "car_photo_3": "photos/2022/10/18/1900893319.jpg",
        "car_photo_4": "photos/2022/10/18/1900893391.jpg",
        "features": "Cruise Control,Airbags,Air Conditioning,Seat Heating,ParkAssist,Direct Fuel Injection,Wind Deflector,Bluetooth Handset",
        "body_style": "Sedan",
        "engine": "3.5-liter V6 engine",
        "transmission": "Automatic",
        "interior_color": "Black",
        "miles": 12000,
        "doors": "4",
        "passengers": 5,
        "vin_no": "VKL6H56J436",
        "milege": 13,
        "fuel_type": "Petrol",
        "no_of_owners": 1,
        "is_featured": false,
        "created_date": "2022-10-13T21:29:12Z"
    }
},
{
    "model": "cars.car",
    "pk": 7,
    "fields": {
        "car_title": "Lamborghini Huracan",
        "state": "GOA",
        "city": "Margao",
        "color": "Blue",
        "model": "Huracan LP 610-4",
        "year": 2017,
        "condition": "Excellent",
        "price": 29005990,
        "description": "<p>The&nbsp;<strong>Lamborghini Huracan</strong>&nbsp;(Spanish for &quot;hurricane&quot;) is a&nbsp;sports car&nbsp;manufactured by Italian automotive manufacturer&nbsp;Lamborghini replacing the previous V10 offering, the&nbsp;Gallardo.&nbsp;The Huracan was revealed online in December 2013,&nbsp;then made its worldwide debut at the&nbsp;2014 Geneva Auto Show, and was released in the market in the second quarter of 2014. The LP 610-4 designation comes from the car having a 610 metric horsepower and 4 wheel drive, while LP stands for &quot;Longitudinale Posteriore&quot;, which refers to the longitudinal mid-rear engine position.</p>",
        "car_photo": "photos/2022/10/23/lamborghini-huracan.jpg",
        "car_photo_1": "photos/2022/10/18/124.jpg",
        "car_photo_2": "photos/2022/10/18/Huracan-ex-11_q9xU5V5.jpg",
        "car_photo_3": "photos/2022/10/26/lamborghini.jpg",
        "car_photo_4": "photos/2022/10/26/Spyder.jpg",
        "features": "Cruise Control,Audio Interface,Airbags,Air Conditioning,Alarm System,ParkAssist,Power Steering,Reversing Camera,Direct Fuel Injection,Auto Start/Stop,Bluetooth Handset",
        "body_style": "Sports",
        "engine": "4.0L V10 Engine",
        "transmission": "Automatic",
        "interior_color": "Black",
        "miles": 6500,
        "doors": "2",
        "passengers": 2,
        "vin_no": "VKL9GG6V510",
        "milege": 10,
        "fuel_type": "Petrol",
        "no_of_owners": 1,
        "is_featured": true,
        "created_date": "2022-10-14T21:42:01Z"
    }
},
{
    "model": "cars.car",
    "pk": 8,
    "fields": {
        "car_title": "Audi e-tron 50",
        "state": "MH",
        "city": "Mumbai",
        "color": "orange",
        "model": "e-tron 50 Quattro",
        "year": 2021,
        "condition": "Perfect",
        "price": 10150000,
        "description": "<p>The&nbsp;<strong>Audi e-tron</strong>&nbsp;is a series of electric&nbsp;and hybrid&nbsp;cars shown by Audi&nbsp;from 2009 onwards. In 2012 Audi unveiled a&nbsp;plug-in hybrid&nbsp;version, the&nbsp;A3 Sportback e-tron, released to retail customers in Europe in August 2014, and slated for the U.S. in 2015.&nbsp;A decade after the unveiling of the first e-tron concept at the&nbsp;2009 International Motor Show Germany, Audi&#39;s first fully electric&nbsp;e-tron SUV&nbsp;went into production in 2019.</p>\r\n\r\n<p>The name has also been used on some&nbsp;racing cars.</p>",
        "car_photo": "photos/2022/10/23/10-2020-Audi-etron-LongTerm-KBB_dLXAuM5.jpg",
        "car_photo_1": "photos/2022/10/23/e-tron_50.jpg",
        "car_photo_2": "photos/2022/10/23/audiuk00026652_OkWM8Fd.jpg",
        "car_photo_3": "photos/2022/10/23/dd5927409078902b845118150924fd9c_OGnlqI8.jpg",
        "car_photo_4": "photos/2022/10/23/maxresdefault_pYqBwIH.jpg",
        "features": "Cruise Control,Audio Interface,Airbags,Air Conditioning,Alarm System,ParkAssist,Power Steering,Reversing Camera,Auto Start/Stop,Bluetooth Handset",
        "body_style": "SUV",
        "engine": "Dual Asynchronous Motors",
        "transmission": "Automatic",
        "interior_color": "Black",
        "miles": 8000,
        "doors": "4",
        "passengers": 5,
        "vin_no": "GKD6756V987",
        "milege": 418,
        "fuel_type": "Electric Charge",
        "no_of_owners": 1,
        "is_featured": true,
        "created_date": "2022-10-23T19:01:35Z"
    }
},
{
    "model": "cars.car",
    "pk": 9,
    "fields": {
        "car_title": "Audi e-tron GT",
        "state": "UT",
        "city": "Noida",
        "color": "Black",
        "model": "e-tron GT S",
        "year": 2021,
        "condition": "Excellent",
        "price": 19121000,
        "description": "<p>The&nbsp;<strong>Audi e-tron GT</strong>&nbsp;is a&nbsp;battery electric executive car&nbsp;produced by Audi<a href=\"https://en.wikipedia.org/wiki/Audi\" title=\"Audi\">i</a>&nbsp;since late 2020 as part of the e-tron&nbsp;battery electric sub-brand, and the third fully electric car model, after e-tron&nbsp;&nbsp;and e-tron Sportback SUVs. Based on the&nbsp;J1 platform shared with the Porsche Taycan, the car went on sale in March 2021</p>\r\n\r\n<p>The Audi e-tron GT concept prototype was unveiled in November 2018 in 2018&nbsp;Los Angeles Auto Show,&nbsp;followed by 2019 Geneva Motor Show.</p>",
        "car_photo": "photos/2022/10/23/2022-Audi-S-.jpg",
        "car_photo_1": "photos/2022/10/23/audi-e-tron-gt-2021.jpg",
        "car_photo_2": "photos/2022/10/23/Design_1_1920x1080.jpg",
        "car_photo_3": "photos/2022/10/23/e31474.jpg",
        "car_photo_4": "photos/2022/10/23/20210210041259_Audi_e_tron_GT_quattro_2022_dashboard_1.jpg",
        "features": "Cruise Control,Audio Interface,Airbags,Air Conditioning,Alarm System,ParkAssist,Power Steering,Reversing Camera,Direct Fuel Injection,Auto Start/Stop,Bluetooth Handset",
        "body_style": "Sports",
        "engine": "synchronous electric motors",
        "transmission": "Automatic",
        "interior_color": "Black",
        "miles": 12000,
        "doors": "4",
        "passengers": 7,
        "vin_no": "GVM8976V786",
        "milege": 401,
        "fuel_type": "Electric Charge",
        "no_of_owners": 2,
        "is_featured": true,
        "created_date": "2022-10-23T20:29:37Z"
    }
},
{
    "model": "cars.car",
    "pk": 10,
    "fields": {
        "car_title": "Land Rover Range Rover Sport",
        "state": "KAR",
        "city": "Bangalore",
        "color": "white",
        "model": "Sport SE Dynamic 3.0",
        "year": 2020,
        "condition": "Used",
        "price": 16400000,
        "description": "<p>The&nbsp;<strong>Land Rover Range Rover Sport</strong>, generally known simply as the&nbsp;<strong>Range Rover Sport</strong>, is a&nbsp;mid-size luxury.&nbsp;&nbsp;SUV&nbsp;produced under their&nbsp;Land Rover marque, from the British manufacturer&nbsp;Land Rover&nbsp;and later Jaguar&nbsp;Land Rover . The first generation&nbsp; started production in 2005, and was replaced by the second generation Sport in 2013.</p>",
        "car_photo": "photos/2022/10/23/2022-Land-Rover-Range-.jpg",
        "car_photo_1": "photos/2022/10/23/Range-Rover-Supercharged-Avant-Garde-Wheels--near-me.jpg",
        "car_photo_2": "photos/2022/10/23/IMG_14710-large.jpg",
        "car_photo_3": "photos/2022/10/23/fuji-white.png",
        "car_photo_4": "photos/2022/10/23/HD-wallpaper-land-rover-range-.jpg",
        "features": "Cruise Control,Audio Interface,Airbags,Air Conditioning,Seat Heating,Alarm System,ParkAssist,Reversing Camera,Direct Fuel Injection,Wind Deflector,Bluetooth Handset",
        "body_style": "SUV",
        "engine": "3.0-liter Ingenium diesel",
        "transmission": "Automatic",
        "interior_color": "Black",
        "miles": 9500,
        "doors": "4",
        "passengers": 5,
        "vin_no": "WJL6799V9109",
        "milege": 11,
        "fuel_type": "Diesel",
        "no_of_owners": 1,
        "is_featured": true,
        "created_date": "2022-10-23T21:01:32Z"
    }
},
{
    "model": "cars.car",
    "pk": 11,
    "fields": {
        "car_title": "Hyundai Verna",
        "state": "AP",
        "city": "Vijayawada",
        "color": "Red",
        "model": "Verna E 1.5 VTVT",
        "year": 2019,
        "condition": "Excellent",
        "price": 873000,
        "description": "<p>The&nbsp;Hyundai Verna&nbsp;has 1 Diesel Engine and 2 Petrol Engine on offer. The Diesel engine is 1493 cc while the Petrol engine is 1497 cc and 998 cc . It is available with Manual &amp; Automatic transmission.Depending upon the variant and fuel type the Verna has a mileage of 17.7 to 25.0 kmpl . The Verna is a 5 seater&nbsp;4 cylinder car&nbsp;and has length of 4440, width of 1729 and a wheelbase of 2600.</p>",
        "car_photo": "photos/2022/10/23/hyundai-new-verna-.jpg",
        "car_photo_1": "photos/2022/10/23/New-2017-Next-gen-Hyunda.jpg",
        "car_photo_2": "photos/2022/10/23/New-2017-Next.jpg",
        "car_photo_3": "photos/2022/10/23/new-hyundai-verna-202.jpg",
        "car_photo_4": "photos/2022/10/23/New-2017-Next-gen-Hyundai-V.jpg",
        "features": "Cruise Control,Audio Interface,Airbags,Air Conditioning,Direct Fuel Injection,Bluetooth Handset",
        "body_style": "Sedan",
        "engine": "1.5 Litre Petrol BS 6",
        "transmission": "Manual",
        "interior_color": "Grey",
        "miles": 17000,
        "doors": "4",
        "passengers": 5,
        "vin_no": "VKL7IU6J4P6",
        "milege": 23,
        "fuel_type": "Diesel",
        "no_of_owners": 1,
        "is_featured": false,
        "created_date": "2022-10-23T21:35:17Z"
    }
},
{
    "model": "cars.car",
    "pk": 12,
    "fields": {
        "car_title": "Tata Nexon",
        "state": "AP",
        "city": "Visakhapatnam",
        "color": "Blue",
        "model": "XZ Plus (HS)",
        "year": 2021,
        "condition": "Used",
        "price": 1075000,
        "description": "<p>The&nbsp;<strong>Tata Nexon</strong>&nbsp;is a&nbsp;&nbsp;subcompact crossover SUV&nbsp;produced by the Indian automaker&nbsp;Tata Motors&nbsp;since 2017. It is the first crossover SUV from the brand, and occupies the sub-4 metre crossover SUV segment in India.The Nexon made its debut as a&nbsp;prototype&nbsp;exhibited at the Auto Expo 2014.&nbsp;The final model was presented in February 2016.</p>\r\n\r\n<p>The Nexon is based on the revised Tata X1&nbsp;platform&nbsp;debuted in 1998 with the Indica&nbsp;model and adopted by other Indian brand cars.&nbsp;It uses independent&nbsp;MacPherson&nbsp;dual-path strut with coil spring front suspensions and rear&nbsp;twist-beam&nbsp;with coil spring and shock absorber. The wheelbase is measured at 2,498&nbsp;mm (98.3&nbsp;in). It is characterised by two-tone paint,LED&nbsp;headlamps and large chrome bands along the side.</p>",
        "car_photo": "photos/2022/10/23/tata-nexon.jpg",
        "car_photo_1": "photos/2022/10/23/tata-nexon-ev-side.jpg",
        "car_photo_2": "photos/2022/10/23/Tata-Nexon-2.jpg",
        "car_photo_3": "photos/2022/10/23/224728-038ec5d9903524c2a784f196b999c918.jpg",
        "car_photo_4": "photos/2022/10/23/Tata_Nexon_Blue_Dual_Ton.jpg",
        "features": "Audio Interface,Airbags,Air Conditioning,Seat Heating,Alarm System,Power Steering,Wind Deflector,Bluetooth Handset",
        "body_style": "SUV",
        "engine": "turbocharged Revotorq diesel",
        "transmission": "Automatic",
        "interior_color": "Black",
        "miles": 21000,
        "doors": "4",
        "passengers": 5,
        "vin_no": "VKL8856V569",
        "milege": 18,
        "fuel_type": "Petrol",
        "no_of_owners": 1,
        "is_featured": false,
        "created_date": "2022-10-23T21:52:50Z"
    }
},
{
    "model": "contacts.contact",
    "pk": 1,
    "fields": {
        "first_name": "sholey",
        "last_name": "foley",
        "car_id": 5,
        "customer_need": "I'd like to know your best price for this",
        "car_title": "Jaguar F-PACE",
        "city": "amalapuram",
        "state": "shangai",
        "email": "sda@gmail.com",
        "phone": "ewewe",
        "message": "weressd",
        "user_id": 0,
        "created_date": "2022-10-19T19:22:32.731Z"
    }
},
{
    "model": "contacts.contact",
    "pk": 2,
    "fields": {
        "first_name": "ds",
        "last_name": "sd",
        "car_id": 7,
        "customer_need": "I'm interested in this",
        "car_title": "Lamborghini Hurac치n",
        "city": "sasa",
        "state": "sawws",
        "email": "w123@gmail.com",
        "phone": "7898918291",
        "message": "dddssa",
        "user_id": 0,
        "created_date": "2022-10-19T20:07:00.946Z"
    }
},
{
    "model": "contacts.contact",
    "pk": 3,
    "fields": {
        "first_name": "venkatesh",
        "last_name": "nagumantri",
        "car_id": 7,
        "customer_need": "I'd like to test drive this",
        "car_title": "Lamborghini Hurac치n",
        "city": "eluru",
        "state": "Andhrapradesh",
        "email": "venkateshnagumantri@gmail.com",
        "phone": "7868956649",
        "message": "ready to drive it",
        "user_id": 2,
        "created_date": "2022-10-19T20:11:41.289Z"
    }
},
{
    "model": "contacts.contact",
    "pk": 4,
    "fields": {
        "first_name": "ramu",
        "last_name": "fdhdk",
        "car_id": 5,
        "customer_need": "I'm interested in this",
        "car_title": "Jaguar F-PACE",
        "city": "ohio",
        "state": "shangai",
        "email": "23e4@gmail.com",
        "phone": "",
        "message": "ssdfdf",
        "user_id": 2,
        "created_date": "2022-10-19T20:15:31.952Z"
    }
},
{
    "model": "contacts.contact",
    "pk": 5,
    "fields": {
        "first_name": "Venkatesh",
        "last_name": "Nagumantri",
        "car_id": 7,
        "customer_need": "I'm interested in this",
        "car_title": "Lamborghini Hurac치n",
        "city": "andhra",
        "state": "visakha",
        "email": "venkateshnagumantri01@gmail.com",
        "phone": "",
        "message": "dsdf",
        "user_id": 3,
        "created_date": "2022-10-19T20:53:56.203Z"
    }
},
{
    "model": "contacts.contact",
    "pk": 6,
    "fields": {
        "first_name": "sow",
        "last_name": "venky",
        "car_id": 1,
        "customer_need": "I'm interested in this",
        "car_title": "Ferrari 488 GTB",
        "city": "visakha",
        "state": "Andhrapradesh",
        "email": "sowmya@123mail.com",
        "phone": "",
        "message": "i would like to go to test ride with you.",
        "user_id": 4,
        "created_date": "2022-10-19T22:19:53.310Z"
    }
},
{
    "model": "contacts.contact",
    "pk": 7,
    "fields": {
        "first_name": "sow",
        "last_name": "venky",
        "car_id": 5,
        "customer_need": "I'm interested in this",
        "car_title": "Jaguar F-PACE",
        "city": "visakha",
        "state": "Andhra",
        "email": "sowmya@123mail.com",
        "phone": "",
        "message": "Heyy! this car is so cool",
        "user_id": 4,
        "created_date": "2022-10-19T22:27:14.583Z"
    }
},
{
    "model": "contacts.contact",
    "pk": 8,
    "fields": {
        "first_name": "Venkatesh",
        "last_name": "Nagumantri",
        "car_id": 6,
        "customer_need": "I'm interested in this",
        "car_title": "Toyota Corolla",
        "city": "Visakhapatnam",
        "state": "Andhra Pradesh",
        "email": "venkateshnagumantri01@gmail.com",
        "phone": "6300922515",
        "message": "i am interested in this",
        "user_id": 5,
        "created_date": "2022-10-20T08:19:52.753Z"
    }
},
{
    "model": "contacts.contact",
    "pk": 9,
    "fields": {
        "first_name": "Venkatesh",
        "last_name": "Nagumantri",
        "car_id": 5,
        "customer_need": "I'm interested in this",
        "car_title": "Jaguar F-PACE",
        "city": "srinagar",
        "state": "Kashmir",
        "email": "vedf@gmail.com",
        "phone": "",
        "message": "fsdufjkfdkj",
        "user_id": 5,
        "created_date": "2022-10-20T20:57:13.736Z"
    }
},
{
    "model": "contacts.contact",
    "pk": 10,
    "fields": {
        "first_name": "Venkatesh",
        "last_name": "Nagumantri",
        "car_id": 4,
        "customer_need": "I'd like to know your best price for this",
        "car_title": "Ford F-250 Super Duty",
        "city": "Hyderabad",
        "state": "Telangana",
        "email": "venkateshnagumantri01@gmail.com",
        "phone": "",
        "message": "i would also test drive this",
        "user_id": 8,
        "created_date": "2022-10-23T09:30:00.959Z"
    }
},
{
    "model": "contacts.contact",
    "pk": 11,
    "fields": {
        "first_name": "Gandhari",
        "last_name": "Hastina",
        "car_id": 7,
        "customer_need": "I'm interested in this",
        "car_title": "Lamborghini Hurac치n",
        "city": "Margao",
        "state": "goa",
        "email": "gandharihastina@gmail.com",
        "phone": "",
        "message": "",
        "user_id": 9,
        "created_date": "2022-10-23T15:02:20.514Z"
    }
},
{
    "model": "contacts.contact",
    "pk": 12,
    "fields": {
        "first_name": "Venkatesh",
        "last_name": "Nagumantri",
        "car_id": 9,
        "customer_need": "I'd like to know your best price for this",
        "car_title": "Audi e-tron GT",
        "city": "New Delhi",
        "state": "Andhra Pradesh",
        "email": "venkateshnagumantri01@gmail.com",
        "phone": "6300922515",
        "message": "",
        "user_id": 5,
        "created_date": "2022-10-24T21:39:14.265Z"
    }
},
{
    "model": "pages.team",
    "pk": 2,
    "fields": {
        "first_name": "Stone",
        "last_name": "Carolyn",
        "designation": "Creative Director",
        "photo": "Photos/2022/07/12/avatar-4.jpg",
        "linkedin_link": "https://linkedin.com",
        "twitter_link": "https://twitter.com",
        "google_plus_link": "https://google.com",
        "created_date": "2022-07-12T15:29:01.948Z"
    }
},
{
    "model": "pages.team",
    "pk": 3,
    "fields": {
        "first_name": "Martin",
        "last_name": "Smith",
        "designation": "Web Developer",
        "photo": "Photos/2022/07/12/avatar-12.jpg",
        "linkedin_link": "https://linkedin.com",
        "twitter_link": "https://twitter.com",
        "google_plus_link": "https://google.com",
        "created_date": "2022-07-12T15:29:42.470Z"
    }
},
{
    "model": "pages.team",
    "pk": 4,
    "fields": {
        "first_name": "Brandon",
        "last_name": "Miller",
        "designation": "Manager",
        "photo": "Photos/2022/07/12/avatar-9.jpg",
        "linkedin_link": "https://linkedin.com",
        "twitter_link": "https://twitter.com",
        "google_plus_link": "https://google.com",
        "created_date": "2022-07-12T15:30:51.446Z"
    }
},
{
    "model": "pages.team",
    "pk": 5,
    "fields": {
        "first_name": "Michelle",
        "last_name": "Nelson",
        "designation": "Support Manager",
        "photo": "Photos/2022/07/12/avatar-2.jpg",
        "linkedin_link": "https://linkedin.com",
        "twitter_link": "https://twitter.com",
        "google_plus_link": "https://google.com",
        "created_date": "2022-07-12T15:36:49.606Z"
    }
},
{
    "model": "pages.team",
    "pk": 6,
    "fields": {
        "first_name": "John",
        "last_name": "Doe",
        "designation": "CEO",
        "photo": "Photos/2022/07/12/avatar-3_qBosLqq.jpg",
        "linkedin_link": "https://linkedin.com",
        "twitter_link": "https://twitter.com",
        "google_plus_link": "https://google.com",
        "created_date": "2022-07-12T15:37:53.421Z"
    }
},
{
    "model": "auth.user",
    "fields": {
        "password": "pbkdf2_sha256$320000$RQHNbyLavw19rVskrpo7OY$rs1/HKU4rRrCXNNiCkSqPtNb4AYzb1yU5sTrjk58kIE=",
        "last_login": "2022-10-23T16:46:32.495Z",
        "is_superuser": true,
        "username": "admin",
        "first_name": "Django",
        "last_name": "Admin",
        "email": "venkateshnagumantri007@gmail.com",
        "is_staff": true,
        "is_active": true,
        "date_joined": "2022-07-11T15:41:48Z",
        "groups": [],
        "user_permissions": []
    }
},
{
    "model": "auth.user",
    "fields": {
        "password": "pbkdf2_sha256$320000$5orVlfhEgtO7LG8UVSggIB$IMB8JomiBd8u8L+vq/uDCWu8ThEbJXzZgfvcLXKsSZ4=",
        "last_login": "2022-10-26T11:27:36.194Z",
        "is_superuser": true,
        "username": "venkatesh",
        "first_name": "Django",
        "last_name": "Admin",
        "email": "venkateshnagumantri@gmail.com",
        "is_staff": true,
        "is_active": true,
        "date_joined": "2022-10-13T13:21:30Z",
        "groups": [],
        "user_permissions": []
    }
},
{
    "model": "auth.user",
    "fields": {
        "password": "pbkdf2_sha256$320000$UaWWsNboUq03BM1BOoQ2Ap$SuLC+yrHTj42AeJejVKDXJS1umaL95H7I6A5DqtINto=",
        "last_login": "2022-10-26T04:20:18.014Z",
        "is_superuser": false,
        "username": "sowmyaji",
        "first_name": "sow",
        "last_name": "venky",
        "email": "sowmya@123mail.com",
        "is_staff": false,
        "is_active": true,
        "date_joined": "2022-10-18T09:35:03.531Z",
        "groups": [],
        "user_permissions": []
    }
},
{
    "model": "auth.user",
    "fields": {
        "password": "!twXkAaVczWDdh6XKQ38sKT5p1QEtTGP3XqXtb7ru",
        "last_login": "2022-10-25T08:01:07.371Z",
        "is_superuser": false,
        "username": "VenkateshNagumantri",
        "first_name": "Venkatesh",
        "last_name": "Nagumantri",
        "email": "",
        "is_staff": false,
        "is_active": true,
        "date_joined": "2022-10-20T02:47:27.930Z",
        "groups": [],
        "user_permissions": []
    }
},
{
    "model": "auth.user",
    "fields": {
        "password": "!ewHnXhogPbtjuL6HXZAUlzZUpGVR3A6ohwaBJAR1",
        "last_login": "2022-10-22T01:58:12.682Z",
        "is_superuser": false,
        "username": "developervenkatesh2001",
        "first_name": "developer",
        "last_name": "venkatesh",
        "email": "developervenkatesh2001@gmail.com",
        "is_staff": false,
        "is_active": true,
        "date_joined": "2022-10-20T16:59:48.313Z",
        "groups": [],
        "user_permissions": []
    }
},
{
    "model": "auth.user",
    "fields": {
        "password": "!kICVf7RWKKv4rQKR0amsN98wE2qQJi78QgIIsTnl",
        "last_login": "2022-10-20T17:00:13.322Z",
        "is_superuser": false,
        "username": "venkateshnagumantri01",
        "first_name": "Venkatesh",
        "last_name": "Nagumantri",
        "email": "venkateshnagumantri01@gmail.com",
        "is_staff": false,
        "is_active": true,
        "date_joined": "2022-10-20T17:00:13.289Z",
        "groups": [],
        "user_permissions": []
    }
},
{
    "model": "auth.user",
    "fields": {
        "password": "!DmlkYKPGOrgHvnYoqMTXSu1A7YM27R8iSmtjC3H3",
        "last_login": "2022-10-25T08:00:42.114Z",
        "is_superuser": false,
        "username": "VenkateshNagumantri61bcf98248e14bf8",
        "first_name": "Venkatesh",
        "last_name": "Nagumantri",
        "email": "",
        "is_staff": false,
        "is_active": true,
        "date_joined": "2022-10-21T17:27:05.386Z",
        "groups": [],
        "user_permissions": []
    }
},
{
    "model": "auth.user",
    "fields": {
        "password": "!kVI0JJpC3N6FYpzoggEzJUHIBjZNsrcVxLU04m4k",
        "last_login": "2022-10-23T09:27:43.959Z",
        "is_superuser": false,
        "username": "gandharihastina",
        "first_name": "Gandhari",
        "last_name": "Hastina",
        "email": "gandharihastina@gmail.com",
        "is_staff": false,
        "is_active": true,
        "date_joined": "2022-10-22T02:29:45.740Z",
        "groups": [],
        "user_permissions": []
    }
},
{
    "model": "auth.user",
    "fields": {
        "password": "!Z8eeVByY3Xz5jlg4x86F75YGVCh4EIHDmPzHPfoi",
        "last_login": "2022-10-23T13:15:59.903Z",
        "is_superuser": false,
        "username": "kajalsamantha579",
        "first_name": "Kajal",
        "last_name": "Samantha",
        "email": "kajalsamantha579@gmail.com",
        "is_staff": false,
        "is_active": true,
        "date_joined": "2022-10-23T13:15:59.836Z",
        "groups": [],
        "user_permissions": []
    }
},
{
    "model": "auth.user",
    "fields": {
        "password": "!SbDDTPQ5hapvl10fL8sEgC6GXDbdmEuCM3AxDEBB",
        "last_login": "2022-10-25T04:59:20.838Z",
        "is_superuser": false,
        "username": "mentalsharukh123",
        "first_name": "Sharukh",
        "last_name": "Khan",
        "email": "mentalsharukh123@gmail.com",
        "is_staff": false,
        "is_active": true,
        "date_joined": "2022-10-25T04:59:20.738Z",
        "groups": [],
        "user_permissions": []
    }
},
{
    "model": "auth.user",
    "fields": {
        "password": "!aYoyK7TpHtCtZmd8hdw8VnJS9N9TCqtX5QiLntEr",
        "last_login": "2022-10-25T06:00:23.776Z",
        "is_superuser": false,
        "username": "RojaJaggumantri",
        "first_name": "Roja",
        "last_name": "Jaggumantri",
        "email": "",
        "is_staff": false,
        "is_active": true,
        "date_joined": "2022-10-25T06:00:23.758Z",
        "groups": [],
        "user_permissions": []
    }
},
{
    "model": "auth.user",
    "fields": {
        "password": "!KMIrTgtmmEWEQfLCmjlNDtJN6Cvat3j9X4rchuRs",
        "last_login": "2022-10-25T07:59:49.336Z",
        "is_superuser": false,
        "username": "venkateshnagumantri11",
        "first_name": "Venkatesh",
        "last_name": "Nagumantri",
        "email": "venkateshnagumantri11@gmail.com",
        "is_staff": false,
        "is_active": true,
        "date_joined": "2022-10-25T07:59:49.274Z",
        "groups": [],
        "user_permissions": []
    }
},
{
    "model": "sessions.session",
    "pk": "1e3ou1vqpa68fm073diexle8ru28leny",
    "fields": {
        "session_data": "eyJmYWNlYm9va19zdGF0ZSI6ImtyOXNxQWJXekFVSk5Ta0poMHlucmkyVmVGSEF2R3JFIn0:1omzx8:1gtwtVdwnd6WVzqFMnBkZSc4SNJx3z3LuoEupFsyFyA",
        "expire_date": "2022-11-07T16:05:26.288Z"
    }
},
{
    "model": "sessions.session",
    "pk": "1jmtoepaofut9wycl99ccmtba6msm73f",
    "fields": {
        "session_data": "eyJmYWNlYm9va19zdGF0ZSI6IkNSaDZteDg1blRCOHF4NjM0WmtBSEtCVXlSR3lybVE4In0:1omaWZ:orbBKY00LB_-y5ZEUH9Z4ROB1gikn_obf6dahymzh1M",
        "expire_date": "2022-11-06T12:56:19.494Z"
    }
},
{
    "model": "sessions.session",
    "pk": "2ei41x9wfwvq8au5o4kiil0zvasy5av3",
    "fields": {
        "session_data": ".eJxVjDsOwjAQBe_iGln-fyjpOYO1613hAHKkOKkQd4dIKaB9M_NeosC2trINXspE4iyMOP1uCPXBfQd0h36bZZ37ukwod0UedMjrTPy8HO7fQYPRvrVOAbO2yJGzVYoSx0hgslOOUwxWg7ehciB0nhQDR4gBiDVhNUp58f4A1wQ3-w:1oizMh:L7OyZszBImS9TRUhGQEWWSa6XM0MBhimTslzUJI579Y",
        "expire_date": "2022-10-27T14:39:15.245Z"
    }
},
{
    "model": "sessions.session",
    "pk": "3yo30ec4kyhkty425limuh1o545zoc8w",
    "fields": {
        "session_data": ".eJxdkMGKwjAQht8lZ7c0TW3TvXmSZReKiKKnMMkkJjSkq0nxIL67rVRY9zb8w__Nx9yId6HT6MJHD0OyhYgJkiafZLdlnWWh4gdNv_fXze-xPadarq_27If0ZcmCiKkhhqgvwuFY4e-ZBNXpMC1irxx4ofqLzuY0Zq_D2c88tKtJ4J1hIdoRgHRZApWSK8pNhWUuy5zVy0oVFTZUoWmggLzRUvMSjeI5U8gMSGqQFTU0I3R2eKI9xCR8f3Lhj-S_R5D7A7-VYW0:1om3wV:oqcIyK22JvxCNQJWTaqaWY3ZHfzS5FZAKW3oPZdJepc",
        "expire_date": "2022-11-05T02:08:55.202Z"
    }
},
{
    "model": "sessions.session",
    "pk": "dwpy5cx60m49qdq56fvew0skkodoy9if",
    "fields": {
        "session_data": "eyJmYWNlYm9va19zdGF0ZSI6InFwRkw1R3FldGlwWDlCWkNPc2VDamZPdEJObldzMndzIn0:1omzcP:F3EZoLC68w_Axp7TdXmK5mbjmvUCQPXO3PjAPP3nchE",
        "expire_date": "2022-11-07T15:44:01.837Z"
    }
},
{
    "model": "sessions.session",
    "pk": "hen8njv7dgic3hy97dg466gl02wd47cp",
    "fields": {
        "session_data": "eyJmYWNlYm9va19zdGF0ZSI6IjNQWVpYcE9pbEp3U0pLQlFISlJ2M2ZRRTh6Y2hST2l0In0:1omapz:ZQkJMUpucR0SzFiHKXbyefxq4H0bxCZf-13Cu5ScmU4",
        "expire_date": "2022-11-06T13:16:23.363Z"
    }
},
{
    "model": "sessions.session",
    "pk": "hwyt08ka8un69yvhccmvm9lwbkru0exm",
    "fields": {
        "session_data": "eyJnb29nbGUtb2F1dGgyX3N0YXRlIjoiQ3EzUzhqWFpPUmhDRHVLR3FSSXEwNDF3cjJFUkhsOFMifQ:1olYwW:iqgoBBgQK6vgNobGTVBPjXJcq4oOMkR4EHpBZS_aHAI",
        "expire_date": "2022-11-03T17:02:52.244Z"
    }
},
{
    "model": "sessions.session",
    "pk": "ifvnezwrpoefl4zquj4r67whbe97jazo",
    "fields": {
        "session_data": ".eJxVjDsOwjAQBe_iGln-fyjpOYO1613hAHKkOKkQd4dIKaB9M_NeosC2trINXspE4iyMOP1uCPXBfQd0h36bZZ37ukwod0UedMjrTPy8HO7fQYPRvrVOAbO2yJGzVYoSx0hgslOOUwxWg7ehciB0nhQDR4gBiDVhNUp58f4A1wQ3-w:1ojANU:46Qbm__s6JwNQgs1tBw35tBPWgRRsKTApIQqasJNhdE",
        "expire_date": "2022-10-28T02:24:48.258Z"
    }
},
{
    "model": "sessions.session",
    "pk": "j6idpzerzyadoyihl9hz6m5qn7r6h0s0",
    "fields": {
        "session_data": ".eJxVjEEOwiAQRe_C2pBpYWDq0r1naJgySNVAUtqV8e7apAvd_vfef6kxbGsetybLOEd1VladfjcO00PKDuI9lFvVUy3rMrPeFX3Qpq81yvNyuH8HObT8rYEYXe8JTG8Ak0wRLYoZOkepR-cpmM4xCrkk0DFwggG8EUMWCYXV-wOx2DbA:1olCLx:TTKABV-QloGiuYsPgkxpWE2O8PRL-tIYqCao36f7IYo",
        "expire_date": "2022-11-02T16:55:37.263Z"
    }
},
{
    "model": "sessions.session",
    "pk": "jotb26hcbeq5kfkg3l1jemcilri8ztuv",
    "fields": {
        "session_data": ".eJxVkMsKwjAQRf8lay1JmubhrogKKogL0V3Isy2mDZjqRvx3W3VhVwN3OPcM8wRVjFVw86jufY1l6lXvwAIs6z08XuBjm4gvwmlVtCTsAsM0rlt6Lj2YATkS8p7cTTZ2QMQ008pcXTcuUjSNCtLEm8t-acq-2mzzGYdylE_5WqV6gKEwQiFvc2Iwg1DnBWeeYIotdcJ4T6GlgnpHMSEcM60tQpgzzTxCGjI-lP78n-qgUi9DrJru78DJC8DrDds3W3I:1omHmX:TnPTHMQGTpujOddJ_mapdiD6bHz7rMVppkHZg_vC2Aw",
        "expire_date": "2022-11-05T16:55:33.460Z"
    }
},
{
    "model": "sessions.session",
    "pk": "ml1mcs4enf2okm6onpkkkv1pl9qbmz92",
    "fields": {
        "session_data": "eyJmYWNlYm9va19zdGF0ZSI6ImpkQnl5UHJjOVAxemhFSFhxT2dTWUVXNEVoVUNCU0RIIn0:1olYHb:raP0Jw5LE46QCFGZeO0mIt0jlTvEDkuiLfk5DO6dkzI",
        "expire_date": "2022-11-03T16:20:35.141Z"
    }
},
{
    "model": "sessions.session",
    "pk": "r5ao28vz4c03z08k71qhv13wtqrfocc3",
    "fields": {
        "session_data": "eyJmYWNlYm9va19zdGF0ZSI6InY4SkhyaG92azVBNG9zVDl5bE5EVW1ucFI4WEVtR2lDIn0:1onCVe:i49qpu-zyZ0caoHcqv4tph6WPsJCpSFtBSVJaXiMtLk",
        "expire_date": "2022-11-08T05:29:54.617Z"
    }
},
{
    "model": "sessions.session",
    "pk": "tl32crixo033z8evteon3ljxp5cx9c0k",
    "fields": {
        "session_data": "eyJmYWNlYm9va19zdGF0ZSI6ImhpbGVIY2Rzckd3aUs2bTI4NXdHb0kyS3I1WExweWpUIn0:1olYBF:IGG9lKkG8GurYHkP03CLtDv7W1p0-Ipfd20YCBV4zKA",
        "expire_date": "2022-11-03T16:14:01.626Z"
    }
},
{
    "model": "sessions.session",
    "pk": "wji8v4ye1hus8atuyd395c5iwnp1nojw",
    "fields": {
        "session_data": "eyJmYWNlYm9va19zdGF0ZSI6ImVySU54ZFFIMkd1R2Nkc1ZQMVFzc2VKQjJQcmFxVnpSIn0:1omark:H0fs1EU_BZeBT0mvHQlug2YZjRePvPfc-msbutynGcM",
        "expire_date": "2022-11-06T13:18:12.488Z"
    }
},
{
    "model": "social_django.usersocialauth",
    "pk": 1,
    "fields": {
        "user": [
            "VenkateshNagumantri"
        ],
        "provider": "facebook",
        "uid": "103010769277088",
        "extra_data": "{\"auth_time\": 1666684867, \"id\": \"103010769277088\", \"expires\": 5126761, \"granted_scopes\": [\"public_profile\"], \"denied_scopes\": null, \"access_token\": \"EAAM9x8j57vsBADd3I4AnZBR4wF24jmKSyKsNcGJoCpj6oMkZAifZBE1QKEo66BI6nbuoR0HjzHov96Rutg8ShVrjzrOEojob9QegarUsK1m6Gj0rlVv5TsZC51pmy4l8l202qGtvCmfvqorcPvwZBDThOenQGEZAFWZBMP4kQDWdYO17uf7lCoTEGmzVWJcW37dj4oQ10Fl1runkcNqDzwmXqekota2yyyQixVzFDczdY4R37W534gh\", \"token_type\": null}",
        "created": "2022-10-20T02:47:27.975Z",
        "modified": "2022-10-25T08:01:07.352Z"
    }
},
{
    "model": "social_django.usersocialauth",
    "pk": 2,
    "fields": {
        "user": [
            "developervenkatesh2001"
        ],
        "provider": "google-oauth2",
        "uid": "developervenkatesh2001@gmail.com",
        "extra_data": "{\"auth_time\": 1666403892, \"expires\": 3599, \"token_type\": \"Bearer\", \"access_token\": \"ya29.a0Aa4xrXNOo9o5qAZRKox5ydss_YoRL-36X4qB5ulskwAberBOvkcLuNdUTSRIlCZg1eWZs6BeYqw_zkksNWvbWgciOc58p8eSpQbtfS1v5sWu3LmDXu6Q5iGaTPBXiKS9EoavzGjMZ30XZ2Ntd5rLdthPoKIGaCgYKATASARMSFQEjDvL9xouTKtewA8RCq3rwseSLEw0163\"}",
        "created": "2022-10-20T16:59:48.389Z",
        "modified": "2022-10-22T01:58:12.671Z"
    }
},
{
    "model": "social_django.usersocialauth",
    "pk": 3,
    "fields": {
        "user": [
            "venkateshnagumantri01"
        ],
        "provider": "google-oauth2",
        "uid": "venkateshnagumantri01@gmail.com",
        "extra_data": "{\"auth_time\": 1666285213, \"expires\": 3599, \"token_type\": \"Bearer\", \"access_token\": \"ya29.a0Aa4xrXNiaCtYv-KRTe68UakZfZYzDzxV3n2bY7X-YoyCzSU4WQJ8pp9g0lGVzGVywkud_M1J8bcXP4XGqAL7Gk7f4k4wqyz3ucX5-Y1IBl_2jX6eIuvreRJE-amU6NQrD0iP9BGDL6hNQpR6bnADQwB_XS_eaCgYKATASARISFQEjDvL9n7fpHZcK2roXLNeUuKZF3Q0163\"}",
        "created": "2022-10-20T17:00:13.296Z",
        "modified": "2022-10-20T17:00:13.298Z"
    }
},
{
    "model": "social_django.usersocialauth",
    "pk": 4,
    "fields": {
        "user": [
            "VenkateshNagumantri61bcf98248e14bf8"
        ],
        "provider": "linkedin-oauth2",
        "uid": "_shq8SKD0b",
        "extra_data": "{\"auth_time\": 1666684842, \"id\": \"_shq8SKD0b\", \"expires\": 5184000, \"first_name\": {\"localized\": {\"en_US\": \"Venkatesh\"}, \"preferredLocale\": {\"country\": \"US\", \"language\": \"en\"}}, \"last_name\": {\"localized\": {\"en_US\": \"Nagumantri\"}, \"preferredLocale\": {\"country\": \"US\", \"language\": \"en\"}}, \"access_token\": \"AQU4tEqQnz6Gjy646tfT2fbYMP5AhowfHqW1bdsGYyjm8oEvLvLf11i15NbKjQkNl18xTKAUVYhV47X4-_WumrtDUZv7ev7scxHT1eMSxtAw-4ovmvPNJb1wisn77WPzJwNbA_dJqiW1hA3zoK1aXaNN9729yllbqBunwaZQZO_B1O3X2slZ1i2F9mxvMLgOPwODMCR-MTqDiTjCG5L9wm6C9feQ-N-cr-Rc5MMgbb-nYWUAq3Ub0ehrzdB6zrMFlZlnu8p43DDX8vOzj6YQKfG8DMdU6tBK0nCVQpnWLQTpdWsIrkP0O5e1cK1ao2CTo6b89mD18fUpu5mkx-Bq5u8W3cyX7Q\", \"token_type\": null}",
        "created": "2022-10-21T17:27:05.432Z",
        "modified": "2022-10-25T08:00:42.095Z"
    }
},
{
    "model": "social_django.usersocialauth",
    "pk": 5,
    "fields": {
        "user": [
            "gandharihastina"
        ],
        "provider": "google-oauth2",
        "uid": "gandharihastina@gmail.com",
        "extra_data": "{\"auth_time\": 1666517263, \"expires\": 3599, \"token_type\": \"Bearer\", \"access_token\": \"ya29.a0Aa4xrXON2eSwrgQPinEeBo6tPuQR6waZx3GM3VoABa-ohk3wvT4i6p53q_ufletD9s-sd_oA5hPXkd4m_j6zh6RJZtgGPbcog678CuhP8N9tIhq4pts_RxqsKtjz314CUgWcjoV6z1Hjvh5jtk6223DE7vzpaCgYKATASARMSFQEjDvL9b1N1VNn7kWSZdZLDeEYDKg0163\"}",
        "created": "2022-10-22T02:29:45.785Z",
        "modified": "2022-10-23T09:27:43.951Z"
    }
},
{
    "model": "social_django.usersocialauth",
    "pk": 6,
    "fields": {
        "user": [
            "kajalsamantha579"
        ],
        "provider": "google-oauth2",
        "uid": "kajalsamantha579@gmail.com",
        "extra_data": "{\"auth_time\": 1666530959, \"expires\": 3599, \"token_type\": \"Bearer\", \"access_token\": \"ya29.a0Aa4xrXPAsFVNfkhfdpBD2zMBdURF26hYmQyM5TRMk8z3O8rpSLkrr5uPQLAt4kMD4CQXHO0Z_X6o9NmkJZs79vowJ9fYbN2hIYK7gQXMDp9ts--NdKF6egWyvr18qYruaX6MQEVXj44-X2vUtRN4-hfATvtSaCgYKATASARMSFQEjDvL9G9nIyJjkrOprQzoJHRH9iw0163\"}",
        "created": "2022-10-23T13:15:59.879Z",
        "modified": "2022-10-23T13:15:59.883Z"
    }
},
{
    "model": "social_django.usersocialauth",
    "pk": 7,
    "fields": {
        "user": [
            "mentalsharukh123"
        ],
        "provider": "google-oauth2",
        "uid": "mentalsharukh123@gmail.com",
        "extra_data": "{\"auth_time\": 1666673960, \"expires\": 3599, \"token_type\": \"Bearer\", \"access_token\": \"ya29.a0Aa4xrXMZfCL3Mzh1qoiiLdKeyzMmkfnWtZq7AkAD8igURT-Fane9Ha4cVmeLK0eI-5eceK5n_xqnbYAojjamB_mJYVldu0zpiYp34Z-w7auVJn0IPmorW2XU9N36Jwf9lDMg3dwWZMKNjdVrJFYWzLRkoTkWaCgYKATASARESFQEjDvL9aVrmJtGJOQLEfoybtGJPeQ0163\"}",
        "created": "2022-10-25T04:59:20.811Z",
        "modified": "2022-10-25T04:59:20.816Z"
    }
},
{
    "model": "social_django.usersocialauth",
    "pk": 8,
    "fields": {
        "user": [
            "RojaJaggumantri"
        ],
        "provider": "linkedin-oauth2",
        "uid": "JAYEKp1BTp",
        "extra_data": "{\"auth_time\": 1666677623, \"id\": \"JAYEKp1BTp\", \"expires\": 5183999, \"first_name\": {\"localized\": {\"en_US\": \"Roja\"}, \"preferredLocale\": {\"country\": \"US\", \"language\": \"en\"}}, \"last_name\": {\"localized\": {\"en_US\": \"Jaggumantri\"}, \"preferredLocale\": {\"country\": \"US\", \"language\": \"en\"}}, \"access_token\": \"AQV4lbR8113I-SIDR38fsaBtyvVmz6VRHtIrC48ta0E3h7LjX60Yrg0JdcrzE_nE4I5qjRrCTcWJskwKXG553txyYrRaREZZkpo8lumNgDXxO_EU1m4Oa75COJkkYEdEuDartITBmD6_UURMjJjHkAEMD7EL4Dj6hwR3dPYd6WV7MNuoteo-yDCJlkmeJC9l0z2HvGZwPjjgi-RG4EyKomVXybAeyFG58VH2dQCbHi0uFrUMdX_WqKQJKMPuofqqiDYYfCQkCg74TmDuBP53QuxuNep-ln4pqbPaemFK43BG9_tXU_l5UF_rpsvDuYG-B7oUFhbX2NStm_cGdIG-_wdRQxqc9g\", \"token_type\": null}",
        "created": "2022-10-25T06:00:23.762Z",
        "modified": "2022-10-25T06:00:23.766Z"
    }
},
{
    "model": "social_django.usersocialauth",
    "pk": 9,
    "fields": {
        "user": [
            "venkateshnagumantri11"
        ],
        "provider": "google-oauth2",
        "uid": "venkateshnagumantri11@gmail.com",
        "extra_data": "{\"auth_time\": 1666684789, \"expires\": 3599, \"token_type\": \"Bearer\", \"access_token\": \"ya29.a0Aa4xrXNdtSdaFOvgWmWHGrBHvmRPCVT11n4EnESOghg9tmu2yMT5Mfl6hRFW2mpzDnoYXILsQwg47m5ZjSI6yBzWi6p-uwE41d0s8SM8t8pXUkBb5my-BjjtkHRhdBc4wqdoCQ29eGMYwrYs8eWIKs78M_gcaCgYKATASARASFQEjDvL9hJVkK8Ez40jGjBdxSDeBvQ0163\"}",
        "created": "2022-10-25T07:59:49.278Z",
        "modified": "2022-10-25T07:59:49.322Z"
    }
},
{
    "model": "admin.logentry",
    "pk": 1,
    "fields": {
        "action_time": "2022-07-11T15:50:03.699Z",
        "user": [
            "admin"
        ],
        "content_type": [
            "pages",
            "team"
        ],
        "object_id": "1",
        "object_repr": "Team object (1)",
        "action_flag": 1,
        "change_message": "[{\"added\": {}}]"
    }
},
{
    "model": "admin.logentry",
    "pk": 2,
    "fields": {
        "action_time": "2022-07-12T15:23:26.720Z",
        "user": [
            "admin"
        ],
        "content_type": [
            "pages",
            "team"
        ],
        "object_id": "1",
        "object_repr": "Venkatesh Nagumantri",
        "action_flag": 2,
        "change_message": "[{\"changed\": {\"fields\": [\"Photo\"]}}]"
    }
},
{
    "model": "admin.logentry",
    "pk": 3,
    "fields": {
        "action_time": "2022-07-12T15:27:57.538Z",
        "user": [
            "admin"
        ],
        "content_type": [
            "pages",
            "team"
        ],
        "object_id": "1",
        "object_repr": "Venkatesh Nagumantri",
        "action_flag": 2,
        "change_message": "[]"
    }
},
{
    "model": "admin.logentry",
    "pk": 4,
    "fields": {
        "action_time": "2022-07-12T15:28:07.281Z",
        "user": [
            "admin"
        ],
        "content_type": [
            "pages",
            "team"
        ],
        "object_id": "1",
        "object_repr": "Venkatesh Nagumantri",
        "action_flag": 3,
        "change_message": ""
    }
},
{
    "model": "admin.logentry",
    "pk": 5,
    "fields": {
        "action_time": "2022-07-12T15:29:01.950Z",
        "user": [
            "admin"
        ],
        "content_type": [
            "pages",
            "team"
        ],
        "object_id": "2",
        "object_repr": "Stone Carolyn",
        "action_flag": 1,
        "change_message": "[{\"added\": {}}]"
    }
},
{
    "model": "admin.logentry",
    "pk": 6,
    "fields": {
        "action_time": "2022-07-12T15:29:42.471Z",
        "user": [
            "admin"
        ],
        "content_type": [
            "pages",
            "team"
        ],
        "object_id": "3",
        "object_repr": "Martin Smith",
        "action_flag": 1,
        "change_message": "[{\"added\": {}}]"
    }
},
{
    "model": "admin.logentry",
    "pk": 7,
    "fields": {
        "action_time": "2022-07-12T15:30:51.449Z",
        "user": [
            "admin"
        ],
        "content_type": [
            "pages",
            "team"
        ],
        "object_id": "4",
        "object_repr": "Brandon Miller",
        "action_flag": 1,
        "change_message": "[{\"added\": {}}]"
    }
},
{
    "model": "admin.logentry",
    "pk": 8,
    "fields": {
        "action_time": "2022-07-12T15:36:49.612Z",
        "user": [
            "admin"
        ],
        "content_type": [
            "pages",
            "team"
        ],
        "object_id": "5",
        "object_repr": "Michelle Nelson",
        "action_flag": 1,
        "change_message": "[{\"added\": {}}]"
    }
},
{
    "model": "admin.logentry",
    "pk": 9,
    "fields": {
        "action_time": "2022-07-12T15:37:14.442Z",
        "user": [
            "admin"
        ],
        "content_type": [
            "pages",
            "team"
        ],
        "object_id": "4",
        "object_repr": "Brandon Miller",
        "action_flag": 2,
        "change_message": "[{\"changed\": {\"fields\": [\"Photo\"]}}]"
    }
},
{
    "model": "admin.logentry",
    "pk": 10,
    "fields": {
        "action_time": "2022-07-12T15:37:53.423Z",
        "user": [
            "admin"
        ],
        "content_type": [
            "pages",
            "team"
        ],
        "object_id": "6",
        "object_repr": "John Doe",
        "action_flag": 1,
        "change_message": "[{\"added\": {}}]"
    }
},
{
    "model": "admin.logentry",
    "pk": 11,
    "fields": {
        "action_time": "2022-07-12T15:38:40.549Z",
        "user": [
            "admin"
        ],
        "content_type": [
            "pages",
            "team"
        ],
        "object_id": "2",
        "object_repr": "Stone Carolyn",
        "action_flag": 2,
        "change_message": "[]"
    }
},
{
    "model": "admin.logentry",
    "pk": 12,
    "fields": {
        "action_time": "2022-07-12T16:00:06.295Z",
        "user": [
            "admin"
        ],
        "content_type": [
            "pages",
            "team"
        ],
        "object_id": "6",
        "object_repr": "John Doe",
        "action_flag": 2,
        "change_message": "[{\"changed\": {\"fields\": [\"Linkedin link\"]}}]"
    }
},
{
    "model": "admin.logentry",
    "pk": 13,
    "fields": {
        "action_time": "2022-07-12T16:00:18.680Z",
        "user": [
            "admin"
        ],
        "content_type": [
            "pages",
            "team"
        ],
        "object_id": "5",
        "object_repr": "Michelle Nelson",
        "action_flag": 2,
        "change_message": "[{\"changed\": {\"fields\": [\"Linkedin link\"]}}]"
    }
},
{
    "model": "admin.logentry",
    "pk": 14,
    "fields": {
        "action_time": "2022-07-12T16:00:29.357Z",
        "user": [
            "admin"
        ],
        "content_type": [
            "pages",
            "team"
        ],
        "object_id": "4",
        "object_repr": "Brandon Miller",
        "action_flag": 2,
        "change_message": "[{\"changed\": {\"fields\": [\"Linkedin link\"]}}]"
    }
},
{
    "model": "admin.logentry",
    "pk": 15,
    "fields": {
        "action_time": "2022-07-12T16:00:40.555Z",
        "user": [
            "admin"
        ],
        "content_type": [
            "pages",
            "team"
        ],
        "object_id": "3",
        "object_repr": "Martin Smith",
        "action_flag": 2,
        "change_message": "[{\"changed\": {\"fields\": [\"Linkedin link\"]}}]"
    }
},
{
    "model": "admin.logentry",
    "pk": 16,
    "fields": {
        "action_time": "2022-07-12T16:00:49.376Z",
        "user": [
            "admin"
        ],
        "content_type": [
            "pages",
            "team"
        ],
        "object_id": "3",
        "object_repr": "Martin Smith",
        "action_flag": 2,
        "change_message": "[]"
    }
},
{
    "model": "admin.logentry",
    "pk": 17,
    "fields": {
        "action_time": "2022-07-12T16:00:53.967Z",
        "user": [
            "admin"
        ],
        "content_type": [
            "pages",
            "team"
        ],
        "object_id": "3",
        "object_repr": "Martin Smith",
        "action_flag": 2,
        "change_message": "[]"
    }
},
{
    "model": "admin.logentry",
    "pk": 18,
    "fields": {
        "action_time": "2022-07-12T16:01:05.102Z",
        "user": [
            "admin"
        ],
        "content_type": [
            "pages",
            "team"
        ],
        "object_id": "2",
        "object_repr": "Stone Carolyn",
        "action_flag": 2,
        "change_message": "[{\"changed\": {\"fields\": [\"Linkedin link\"]}}]"
    }
},
{
    "model": "admin.logentry",
    "pk": 19,
    "fields": {
        "action_time": "2022-10-13T15:30:08.559Z",
        "user": [
            "venkatesh"
        ],
        "content_type": [
            "cars",
            "car"
        ],
        "object_id": "1",
        "object_repr": "Car object (1)",
        "action_flag": 1,
        "change_message": "[{\"added\": {}}]"
    }
},
{
    "model": "admin.logentry",
    "pk": 20,
    "fields": {
        "action_time": "2022-10-13T15:37:54.501Z",
        "user": [
            "venkatesh"
        ],
        "content_type": [
            "cars",
            "car"
        ],
        "object_id": "2",
        "object_repr": "Toyota 4Runner",
        "action_flag": 1,
        "change_message": "[{\"added\": {}}]"
    }
},
{
    "model": "admin.logentry",
    "pk": 21,
    "fields": {
        "action_time": "2022-10-13T15:42:57.799Z",
        "user": [
            "venkatesh"
        ],
        "content_type": [
            "cars",
            "car"
        ],
        "object_id": "3",
        "object_repr": "Ford Edge",
        "action_flag": 1,
        "change_message": "[{\"added\": {}}]"
    }
},
{
    "model": "admin.logentry",
    "pk": 22,
    "fields": {
        "action_time": "2022-10-13T15:50:04.329Z",
        "user": [
            "venkatesh"
        ],
        "content_type": [
            "cars",
            "car"
        ],
        "object_id": "4",
        "object_repr": "2017 Ford F-250 Super Duty",
        "action_flag": 1,
        "change_message": "[{\"added\": {}}]"
    }
},
{
    "model": "admin.logentry",
    "pk": 23,
    "fields": {
        "action_time": "2022-10-13T15:50:17.855Z",
        "user": [
            "venkatesh"
        ],
        "content_type": [
            "cars",
            "car"
        ],
        "object_id": "4",
        "object_repr": "Ford F-250 Super Duty",
        "action_flag": 2,
        "change_message": "[{\"changed\": {\"fields\": [\"Car title\"]}}]"
    }
},
{
    "model": "admin.logentry",
    "pk": 24,
    "fields": {
        "action_time": "2022-10-13T15:58:57.094Z",
        "user": [
            "venkatesh"
        ],
        "content_type": [
            "cars",
            "car"
        ],
        "object_id": "5",
        "object_repr": "Jaguar F-PACE",
        "action_flag": 1,
        "change_message": "[{\"added\": {}}]"
    }
},
{
    "model": "admin.logentry",
    "pk": 25,
    "fields": {
        "action_time": "2022-10-13T16:06:15.008Z",
        "user": [
            "venkatesh"
        ],
        "content_type": [
            "cars",
            "car"
        ],
        "object_id": "6",
        "object_repr": "Toyota Corolla",
        "action_flag": 1,
        "change_message": "[{\"added\": {}}]"
    }
},
{
    "model": "admin.logentry",
    "pk": 26,
    "fields": {
        "action_time": "2022-10-13T16:11:58.805Z",
        "user": [
            "venkatesh"
        ],
        "content_type": [
            "cars",
            "car"
        ],
        "object_id": "4",
        "object_repr": "Ford F-250 Super Duty",
        "action_flag": 2,
        "change_message": "[{\"changed\": {\"fields\": [\"Is featured\"]}}]"
    }
},
{
    "model": "admin.logentry",
    "pk": 27,
    "fields": {
        "action_time": "2022-10-13T16:12:05.052Z",
        "user": [
            "venkatesh"
        ],
        "content_type": [
            "cars",
            "car"
        ],
        "object_id": "6",
        "object_repr": "Toyota Corolla",
        "action_flag": 2,
        "change_message": "[{\"changed\": {\"fields\": [\"Is featured\"]}}]"
    }
},
{
    "model": "admin.logentry",
    "pk": 28,
    "fields": {
        "action_time": "2022-10-13T16:39:02.690Z",
        "user": [
            "venkatesh"
        ],
        "content_type": [
            "cars",
            "car"
        ],
        "object_id": "4",
        "object_repr": "Ford F-250 Super Duty",
        "action_flag": 2,
        "change_message": "[{\"changed\": {\"fields\": [\"Is featured\"]}}]"
    }
},
{
    "model": "admin.logentry",
    "pk": 29,
    "fields": {
        "action_time": "2022-10-13T16:39:07.620Z",
        "user": [
            "venkatesh"
        ],
        "content_type": [
            "cars",
            "car"
        ],
        "object_id": "4",
        "object_repr": "Ford F-250 Super Duty",
        "action_flag": 2,
        "change_message": "[{\"changed\": {\"fields\": [\"Is featured\"]}}]"
    }
},
{
    "model": "admin.logentry",
    "pk": 30,
    "fields": {
        "action_time": "2022-10-14T02:06:23.023Z",
        "user": [
            "venkatesh"
        ],
        "content_type": [
            "cars",
            "car"
        ],
        "object_id": "4",
        "object_repr": "Ford F-250 Super Duty",
        "action_flag": 2,
        "change_message": "[{\"changed\": {\"fields\": [\"Is featured\"]}}]"
    }
},
{
    "model": "admin.logentry",
    "pk": 31,
    "fields": {
        "action_time": "2022-10-14T02:24:55.965Z",
        "user": [
            "venkatesh"
        ],
        "content_type": [
            "cars",
            "car"
        ],
        "object_id": "4",
        "object_repr": "Ford F-250 Super Duty",
        "action_flag": 2,
        "change_message": "[{\"changed\": {\"fields\": [\"Is featured\"]}}]"
    }
},
{
    "model": "admin.logentry",
    "pk": 32,
    "fields": {
        "action_time": "2022-10-14T11:54:14.125Z",
        "user": [
            "venkatesh"
        ],
        "content_type": [
            "cars",
            "car"
        ],
        "object_id": "1",
        "object_repr": "Ferrari 488 GTB",
        "action_flag": 2,
        "change_message": "[{\"changed\": {\"fields\": [\"Body style\"]}}]"
    }
},
{
    "model": "admin.logentry",
    "pk": 33,
    "fields": {
        "action_time": "2022-10-14T11:55:12.611Z",
        "user": [
            "venkatesh"
        ],
        "content_type": [
            "cars",
            "car"
        ],
        "object_id": "6",
        "object_repr": "Toyota Corolla",
        "action_flag": 2,
        "change_message": "[{\"changed\": {\"fields\": [\"Transmission\"]}}]"
    }
},
{
    "model": "admin.logentry",
    "pk": 34,
    "fields": {
        "action_time": "2022-10-14T11:56:34.749Z",
        "user": [
            "venkatesh"
        ],
        "content_type": [
            "cars",
            "car"
        ],
        "object_id": "6",
        "object_repr": "Toyota Corolla",
        "action_flag": 2,
        "change_message": "[{\"changed\": {\"fields\": [\"Transmission\"]}}]"
    }
},
{
    "model": "admin.logentry",
    "pk": 35,
    "fields": {
        "action_time": "2022-10-14T11:58:21.614Z",
        "user": [
            "venkatesh"
        ],
        "content_type": [
            "cars",
            "car"
        ],
        "object_id": "6",
        "object_repr": "Toyota Corolla",
        "action_flag": 2,
        "change_message": "[]"
    }
},
{
    "model": "admin.logentry",
    "pk": 36,
    "fields": {
        "action_time": "2022-10-14T12:02:24.050Z",
        "user": [
            "venkatesh"
        ],
        "content_type": [
            "cars",
            "car"
        ],
        "object_id": "4",
        "object_repr": "Ford F-250 Super Duty",
        "action_flag": 2,
        "change_message": "[{\"changed\": {\"fields\": [\"Is featured\"]}}]"
    }
},
{
    "model": "admin.logentry",
    "pk": 37,
    "fields": {
        "action_time": "2022-10-14T13:33:39.811Z",
        "user": [
            "venkatesh"
        ],
        "content_type": [
            "cars",
            "car"
        ],
        "object_id": "6",
        "object_repr": "Toyota Corolla",
        "action_flag": 2,
        "change_message": "[{\"changed\": {\"fields\": [\"Transmission\"]}}]"
    }
},
{
    "model": "admin.logentry",
    "pk": 38,
    "fields": {
        "action_time": "2022-10-14T13:34:23.089Z",
        "user": [
            "venkatesh"
        ],
        "content_type": [
            "cars",
            "car"
        ],
        "object_id": "4",
        "object_repr": "Ford F-250 Super Duty",
        "action_flag": 2,
        "change_message": "[{\"changed\": {\"fields\": [\"Transmission\"]}}]"
    }
},
{
    "model": "admin.logentry",
    "pk": 39,
    "fields": {
        "action_time": "2022-10-14T13:34:41.633Z",
        "user": [
            "venkatesh"
        ],
        "content_type": [
            "cars",
            "car"
        ],
        "object_id": "3",
        "object_repr": "Ford Edge",
        "action_flag": 2,
        "change_message": "[{\"changed\": {\"fields\": [\"Transmission\"]}}]"
    }
},
{
    "model": "admin.logentry",
    "pk": 40,
    "fields": {
        "action_time": "2022-10-14T13:34:59.635Z",
        "user": [
            "venkatesh"
        ],
        "content_type": [
            "cars",
            "car"
        ],
        "object_id": "2",
        "object_repr": "Toyota 4Runner",
        "action_flag": 2,
        "change_message": "[{\"changed\": {\"fields\": [\"Transmission\"]}}]"
    }
},
{
    "model": "admin.logentry",
    "pk": 41,
    "fields": {
        "action_time": "2022-10-14T13:35:17.232Z",
        "user": [
            "venkatesh"
        ],
        "content_type": [
            "cars",
            "car"
        ],
        "object_id": "1",
        "object_repr": "Ferrari 488 GTB",
        "action_flag": 2,
        "change_message": "[{\"changed\": {\"fields\": [\"Transmission\"]}}]"
    }
},
{
    "model": "admin.logentry",
    "pk": 42,
    "fields": {
        "action_time": "2022-10-14T13:36:06.348Z",
        "user": [
            "venkatesh"
        ],
        "content_type": [
            "cars",
            "car"
        ],
        "object_id": "6",
        "object_repr": "Toyota Corolla",
        "action_flag": 2,
        "change_message": "[{\"changed\": {\"fields\": [\"Transmission\"]}}]"
    }
},
{
    "model": "admin.logentry",
    "pk": 43,
    "fields": {
        "action_time": "2022-10-14T13:36:13.286Z",
        "user": [
            "venkatesh"
        ],
        "content_type": [
            "cars",
            "car"
        ],
        "object_id": "5",
        "object_repr": "Jaguar F-PACE",
        "action_flag": 2,
        "change_message": "[]"
    }
},
{
    "model": "admin.logentry",
    "pk": 44,
    "fields": {
        "action_time": "2022-10-14T13:36:24.373Z",
        "user": [
            "venkatesh"
        ],
        "content_type": [
            "cars",
            "car"
        ],
        "object_id": "4",
        "object_repr": "Ford F-250 Super Duty",
        "action_flag": 2,
        "change_message": "[{\"changed\": {\"fields\": [\"Transmission\"]}}]"
    }
},
{
    "model": "admin.logentry",
    "pk": 45,
    "fields": {
        "action_time": "2022-10-14T13:36:32.290Z",
        "user": [
            "venkatesh"
        ],
        "content_type": [
            "cars",
            "car"
        ],
        "object_id": "3",
        "object_repr": "Ford Edge",
        "action_flag": 2,
        "change_message": "[]"
    }
},
{
    "model": "admin.logentry",
    "pk": 46,
    "fields": {
        "action_time": "2022-10-14T13:36:39.457Z",
        "user": [
            "venkatesh"
        ],
        "content_type": [
            "cars",
            "car"
        ],
        "object_id": "3",
        "object_repr": "Ford Edge",
        "action_flag": 2,
        "change_message": "[]"
    }
},
{
    "model": "admin.logentry",
    "pk": 47,
    "fields": {
        "action_time": "2022-10-14T13:36:51.065Z",
        "user": [
            "venkatesh"
        ],
        "content_type": [
            "cars",
            "car"
        ],
        "object_id": "2",
        "object_repr": "Toyota 4Runner",
        "action_flag": 2,
        "change_message": "[{\"changed\": {\"fields\": [\"Transmission\"]}}]"
    }
},
{
    "model": "admin.logentry",
    "pk": 48,
    "fields": {
        "action_time": "2022-10-14T13:36:59.726Z",
        "user": [
            "venkatesh"
        ],
        "content_type": [
            "cars",
            "car"
        ],
        "object_id": "1",
        "object_repr": "Ferrari 488 GTB",
        "action_flag": 2,
        "change_message": "[{\"changed\": {\"fields\": [\"Transmission\"]}}]"
    }
},
{
    "model": "admin.logentry",
    "pk": 49,
    "fields": {
        "action_time": "2022-10-14T15:40:54.447Z",
        "user": [
            "venkatesh"
        ],
        "content_type": [
            "cars",
            "car"
        ],
        "object_id": "2",
        "object_repr": "Toyota 4Runner",
        "action_flag": 2,
        "change_message": "[{\"changed\": {\"fields\": [\"Color\", \"Car photo\", \"Interior color\"]}}]"
    }
},
{
    "model": "admin.logentry",
    "pk": 50,
    "fields": {
        "action_time": "2022-10-14T15:41:04.110Z",
        "user": [
            "venkatesh"
        ],
        "content_type": [
            "cars",
            "car"
        ],
        "object_id": "2",
        "object_repr": "Toyota 4Runner",
        "action_flag": 2,
        "change_message": "[]"
    }
},
{
    "model": "admin.logentry",
    "pk": 51,
    "fields": {
        "action_time": "2022-10-14T15:43:24.325Z",
        "user": [
            "venkatesh"
        ],
        "content_type": [
            "cars",
            "car"
        ],
        "object_id": "3",
        "object_repr": "Ford Edge",
        "action_flag": 2,
        "change_message": "[{\"changed\": {\"fields\": [\"Car photo\"]}}]"
    }
},
{
    "model": "admin.logentry",
    "pk": 52,
    "fields": {
        "action_time": "2022-10-14T15:45:38.924Z",
        "user": [
            "venkatesh"
        ],
        "content_type": [
            "cars",
            "car"
        ],
        "object_id": "3",
        "object_repr": "Ford Edge",
        "action_flag": 2,
        "change_message": "[{\"changed\": {\"fields\": [\"Car photo\"]}}]"
    }
},
{
    "model": "admin.logentry",
    "pk": 53,
    "fields": {
        "action_time": "2022-10-14T15:46:53.580Z",
        "user": [
            "venkatesh"
        ],
        "content_type": [
            "cars",
            "car"
        ],
        "object_id": "5",
        "object_repr": "Jaguar F-PACE",
        "action_flag": 2,
        "change_message": "[{\"changed\": {\"fields\": [\"Car photo\"]}}]"
    }
},
{
    "model": "admin.logentry",
    "pk": 54,
    "fields": {
        "action_time": "2022-10-14T15:51:38.813Z",
        "user": [
            "venkatesh"
        ],
        "content_type": [
            "cars",
            "car"
        ],
        "object_id": "5",
        "object_repr": "Jaguar F-PACE",
        "action_flag": 2,
        "change_message": "[{\"changed\": {\"fields\": [\"Price\", \"Car photo\"]}}]"
    }
},
{
    "model": "admin.logentry",
    "pk": 55,
    "fields": {
        "action_time": "2022-10-14T16:00:47.085Z",
        "user": [
            "venkatesh"
        ],
        "content_type": [
            "cars",
            "car"
        ],
        "object_id": "5",
        "object_repr": "Jaguar F-PACE",
        "action_flag": 2,
        "change_message": "[{\"changed\": {\"fields\": [\"Car photo\", \"Car photo 1\", \"Car photo 2\", \"Car photo 3\", \"Car photo 4\"]}}]"
    }
},
{
    "model": "admin.logentry",
    "pk": 56,
    "fields": {
        "action_time": "2022-10-14T16:07:08.329Z",
        "user": [
            "venkatesh"
        ],
        "content_type": [
            "cars",
            "car"
        ],
        "object_id": "6",
        "object_repr": "Toyota Corolla",
        "action_flag": 2,
        "change_message": "[{\"changed\": {\"fields\": [\"Car photo\"]}}]"
    }
},
{
    "model": "admin.logentry",
    "pk": 57,
    "fields": {
        "action_time": "2022-10-14T16:09:45.419Z",
        "user": [
            "venkatesh"
        ],
        "content_type": [
            "cars",
            "car"
        ],
        "object_id": "6",
        "object_repr": "Toyota Corolla",
        "action_flag": 2,
        "change_message": "[{\"changed\": {\"fields\": [\"Car photo\", \"Car photo 2\", \"Car photo 3\"]}}]"
    }
},
{
    "model": "admin.logentry",
    "pk": 58,
    "fields": {
        "action_time": "2022-10-14T16:11:04.630Z",
        "user": [
            "venkatesh"
        ],
        "content_type": [
            "cars",
            "car"
        ],
        "object_id": "6",
        "object_repr": "Toyota Corolla",
        "action_flag": 2,
        "change_message": "[{\"changed\": {\"fields\": [\"Car photo\", \"Car photo 2\", \"Car photo 3\"]}}]"
    }
},
{
    "model": "admin.logentry",
    "pk": 59,
    "fields": {
        "action_time": "2022-10-14T16:29:20.142Z",
        "user": [
            "venkatesh"
        ],
        "content_type": [
            "cars",
            "car"
        ],
        "object_id": "7",
        "object_repr": "Lamborghini Huracan",
        "action_flag": 1,
        "change_message": "[{\"added\": {}}]"
    }
},
{
    "model": "admin.logentry",
    "pk": 60,
    "fields": {
        "action_time": "2022-10-14T16:29:31.180Z",
        "user": [
            "venkatesh"
        ],
        "content_type": [
            "cars",
            "car"
        ],
        "object_id": "7",
        "object_repr": "Lamborghini Huracan",
        "action_flag": 2,
        "change_message": "[]"
    }
},
{
    "model": "admin.logentry",
    "pk": 61,
    "fields": {
        "action_time": "2022-10-14T16:42:53.549Z",
        "user": [
            "venkatesh"
        ],
        "content_type": [
            "cars",
            "car"
        ],
        "object_id": "7",
        "object_repr": "Lamborghini Huracan",
        "action_flag": 2,
        "change_message": "[{\"changed\": {\"fields\": [\"State\"]}}]"
    }
},
{
    "model": "admin.logentry",
    "pk": 62,
    "fields": {
        "action_time": "2022-10-15T01:46:39.133Z",
        "user": [
            "venkatesh"
        ],
        "content_type": [
            "cars",
            "car"
        ],
        "object_id": "1",
        "object_repr": "Ferrari 488 GTB",
        "action_flag": 2,
        "change_message": "[{\"changed\": {\"fields\": [\"Doors\", \"Passengers\"]}}]"
    }
},
{
    "model": "admin.logentry",
    "pk": 63,
    "fields": {
        "action_time": "2022-10-15T01:48:55.853Z",
        "user": [
            "venkatesh"
        ],
        "content_type": [
            "cars",
            "car"
        ],
        "object_id": "4",
        "object_repr": "Ford F-250 Super Duty",
        "action_flag": 2,
        "change_message": "[{\"changed\": {\"fields\": [\"Is featured\"]}}]"
    }
},
{
    "model": "admin.logentry",
    "pk": 64,
    "fields": {
        "action_time": "2022-10-15T16:58:42.673Z",
        "user": [
            "venkatesh"
        ],
        "content_type": [
            "cars",
            "car"
        ],
        "object_id": "7",
        "object_repr": "Lamborghini Huracan",
        "action_flag": 2,
        "change_message": "[{\"changed\": {\"fields\": [\"Car photo\"]}}]"
    }
},
{
    "model": "admin.logentry",
    "pk": 65,
    "fields": {
        "action_time": "2022-10-16T05:10:46.913Z",
        "user": [
            "venkatesh"
        ],
        "content_type": [
            "cars",
            "car"
        ],
        "object_id": "6",
        "object_repr": "Toyota Corolla",
        "action_flag": 2,
        "change_message": "[{\"changed\": {\"fields\": [\"Car photo\"]}}]"
    }
},
{
    "model": "admin.logentry",
    "pk": 66,
    "fields": {
        "action_time": "2022-10-16T05:12:38.492Z",
        "user": [
            "venkatesh"
        ],
        "content_type": [
            "cars",
            "car"
        ],
        "object_id": "6",
        "object_repr": "Toyota Corolla",
        "action_flag": 2,
        "change_message": "[{\"changed\": {\"fields\": [\"Car photo\"]}}]"
    }
},
{
    "model": "admin.logentry",
    "pk": 67,
    "fields": {
        "action_time": "2022-10-16T05:41:43.713Z",
        "user": [
            "venkatesh"
        ],
        "content_type": [
            "cars",
            "car"
        ],
        "object_id": "7",
        "object_repr": "Lamborghini Hurac치n",
        "action_flag": 2,
        "change_message": "[{\"changed\": {\"fields\": [\"Car title\"]}}]"
    }
},
{
    "model": "admin.logentry",
    "pk": 68,
    "fields": {
        "action_time": "2022-10-18T13:38:02.381Z",
        "user": [
            "venkatesh"
        ],
        "content_type": [
            "cars",
            "car"
        ],
        "object_id": "5",
        "object_repr": "Jaguar F-PACE",
        "action_flag": 2,
        "change_message": "[{\"changed\": {\"fields\": [\"Car photo\"]}}]"
    }
},
{
    "model": "admin.logentry",
    "pk": 69,
    "fields": {
        "action_time": "2022-10-18T13:40:02.725Z",
        "user": [
            "venkatesh"
        ],
        "content_type": [
            "cars",
            "car"
        ],
        "object_id": "5",
        "object_repr": "Jaguar F-PACE",
        "action_flag": 2,
        "change_message": "[{\"changed\": {\"fields\": [\"Car photo 1\", \"Car photo 2\", \"Car photo 3\", \"Car photo 4\"]}}]"
    }
},
{
    "model": "admin.logentry",
    "pk": 70,
    "fields": {
        "action_time": "2022-10-18T13:40:58.040Z",
        "user": [
            "venkatesh"
        ],
        "content_type": [
            "cars",
            "car"
        ],
        "object_id": "4",
        "object_repr": "Ford F-250 Super Duty",
        "action_flag": 2,
        "change_message": "[{\"changed\": {\"fields\": [\"Car photo\", \"Car photo 1\", \"Car photo 2\", \"Car photo 3\", \"Car photo 4\"]}}]"
    }
},
{
    "model": "admin.logentry",
    "pk": 71,
    "fields": {
        "action_time": "2022-10-18T13:41:36.207Z",
        "user": [
            "venkatesh"
        ],
        "content_type": [
            "cars",
            "car"
        ],
        "object_id": "3",
        "object_repr": "Ford Edge",
        "action_flag": 2,
        "change_message": "[{\"changed\": {\"fields\": [\"Car photo\", \"Car photo 1\", \"Car photo 2\", \"Car photo 3\", \"Car photo 4\"]}}]"
    }
},
{
    "model": "admin.logentry",
    "pk": 72,
    "fields": {
        "action_time": "2022-10-18T13:42:12.411Z",
        "user": [
            "venkatesh"
        ],
        "content_type": [
            "cars",
            "car"
        ],
        "object_id": "2",
        "object_repr": "Toyota 4Runner",
        "action_flag": 2,
        "change_message": "[{\"changed\": {\"fields\": [\"Car photo\", \"Car photo 1\", \"Car photo 2\", \"Car photo 3\", \"Car photo 4\"]}}]"
    }
},
{
    "model": "admin.logentry",
    "pk": 73,
    "fields": {
        "action_time": "2022-10-18T13:42:50.978Z",
        "user": [
            "venkatesh"
        ],
        "content_type": [
            "cars",
            "car"
        ],
        "object_id": "1",
        "object_repr": "Ferrari 488 GTB",
        "action_flag": 2,
        "change_message": "[{\"changed\": {\"fields\": [\"Car photo\", \"Car photo 1\", \"Car photo 2\", \"Car photo 3\", \"Car photo 4\"]}}]"
    }
},
{
    "model": "admin.logentry",
    "pk": 74,
    "fields": {
        "action_time": "2022-10-18T13:43:38.534Z",
        "user": [
            "venkatesh"
        ],
        "content_type": [
            "cars",
            "car"
        ],
        "object_id": "6",
        "object_repr": "Toyota Corolla",
        "action_flag": 2,
        "change_message": "[{\"changed\": {\"fields\": [\"Car photo 1\", \"Car photo 2\", \"Car photo 3\", \"Car photo 4\"]}}]"
    }
},
{
    "model": "admin.logentry",
    "pk": 75,
    "fields": {
        "action_time": "2022-10-18T13:44:18.545Z",
        "user": [
            "venkatesh"
        ],
        "content_type": [
            "cars",
            "car"
        ],
        "object_id": "7",
        "object_repr": "Lamborghini Hurac치n",
        "action_flag": 2,
        "change_message": "[{\"changed\": {\"fields\": [\"Car photo 1\", \"Car photo 2\", \"Car photo 3\", \"Car photo 4\"]}}]"
    }
},
{
    "model": "admin.logentry",
    "pk": 76,
    "fields": {
        "action_time": "2022-10-18T14:56:30.260Z",
        "user": [
            "venkatesh"
        ],
        "content_type": [
            "cars",
            "car"
        ],
        "object_id": "6",
        "object_repr": "Toyota Corolla",
        "action_flag": 2,
        "change_message": "[{\"changed\": {\"fields\": [\"Car photo\"]}}]"
    }
},

{
    "model": "admin.logentry",
    "pk": 80,
    "fields": {
        "action_time": "2022-10-18T16:26:21.510Z",
        "user": [
            "venkatesh"
        ],
        "content_type": [
            "cars",
            "car"
        ],
        "object_id": "7",
        "object_repr": "Lamborghini Hurac치n",
        "action_flag": 2,
        "change_message": "[{\"changed\": {\"fields\": [\"Car photo\"]}}]"
    }
},
{
    "model": "admin.logentry",
    "pk": 81,
    "fields": {
        "action_time": "2022-10-18T16:48:27.984Z",
        "user": [
            "venkatesh"
        ],
        "content_type": [
            "cars",
            "car"
        ],
        "object_id": "2",
        "object_repr": "Toyota 4Runner",
        "action_flag": 2,
        "change_message": "[{\"changed\": {\"fields\": [\"Car photo\"]}}]"
    }
},
{
    "model": "admin.logentry",
    "pk": 82,
    "fields": {
        "action_time": "2022-10-18T16:48:43.425Z",
        "user": [
            "venkatesh"
        ],
        "content_type": [
            "cars",
            "car"
        ],
        "object_id": "3",
        "object_repr": "Ford Edge",
        "action_flag": 2,
        "change_message": "[{\"changed\": {\"fields\": [\"Car photo\"]}}]"
    }
},
{
    "model": "admin.logentry",
    "pk": 83,
    "fields": {
        "action_time": "2022-10-18T16:48:57.164Z",
        "user": [
            "venkatesh"
        ],
        "content_type": [
            "cars",
            "car"
        ],
        "object_id": "4",
        "object_repr": "Ford F-250 Super Duty",
        "action_flag": 2,
        "change_message": "[{\"changed\": {\"fields\": [\"Car photo\"]}}]"
    }
},
{
    "model": "admin.logentry",
    "pk": 84,
    "fields": {
        "action_time": "2022-10-18T16:49:17.536Z",
        "user": [
            "venkatesh"
        ],
        "content_type": [
            "cars",
            "car"
        ],
        "object_id": "5",
        "object_repr": "Jaguar F-PACE",
        "action_flag": 2,
        "change_message": "[{\"changed\": {\"fields\": [\"Car photo\"]}}]"
    }
},
{
    "model": "admin.logentry",
    "pk": 85,
    "fields": {
        "action_time": "2022-10-18T16:49:37.370Z",
        "user": [
            "venkatesh"
        ],
        "content_type": [
            "cars",
            "car"
        ],
        "object_id": "6",
        "object_repr": "Toyota Corolla",
        "action_flag": 2,
        "change_message": "[{\"changed\": {\"fields\": [\"Car photo\"]}}]"
    }
},
{
    "model": "admin.logentry",
    "pk": 86,
    "fields": {
        "action_time": "2022-10-18T16:49:54.467Z",
        "user": [
            "venkatesh"
        ],
        "content_type": [
            "cars",
            "car"
        ],
        "object_id": "7",
        "object_repr": "Lamborghini Hurac치n",
        "action_flag": 2,
        "change_message": "[{\"changed\": {\"fields\": [\"Car photo\"]}}]"
    }
},
{
    "model": "admin.logentry",
    "pk": 87,
    "fields": {
        "action_time": "2022-10-18T16:51:44.573Z",
        "user": [
            "venkatesh"
        ],
        "content_type": [
            "cars",
            "car"
        ],
        "object_id": "7",
        "object_repr": "Lamborghini Hurac치n",
        "action_flag": 2,
        "change_message": "[{\"changed\": {\"fields\": [\"Car photo\", \"Car photo 1\", \"Car photo 4\"]}}]"
    }
},
{
    "model": "admin.logentry",
    "pk": 88,
    "fields": {
        "action_time": "2022-10-18T16:52:51.899Z",
        "user": [
            "venkatesh"
        ],
        "content_type": [
            "cars",
            "car"
        ],
        "object_id": "7",
        "object_repr": "Lamborghini Hurac치n",
        "action_flag": 2,
        "change_message": "[{\"changed\": {\"fields\": [\"Car photo\", \"Car photo 1\", \"Car photo 2\", \"Car photo 3\", \"Car photo 4\"]}}]"
    }
},
{
    "model": "admin.logentry",
    "pk": 89,
    "fields": {
        "action_time": "2022-10-18T16:53:33.210Z",
        "user": [
            "venkatesh"
        ],
        "content_type": [
            "cars",
            "car"
        ],
        "object_id": "6",
        "object_repr": "Toyota Corolla",
        "action_flag": 2,
        "change_message": "[{\"changed\": {\"fields\": [\"Car photo\", \"Car photo 1\", \"Car photo 2\", \"Car photo 3\", \"Car photo 4\"]}}]"
    }
},
{
    "model": "admin.logentry",
    "pk": 90,
    "fields": {
        "action_time": "2022-10-18T16:54:04.853Z",
        "user": [
            "venkatesh"
        ],
        "content_type": [
            "cars",
            "car"
        ],
        "object_id": "6",
        "object_repr": "Toyota Corolla",
        "action_flag": 2,
        "change_message": "[{\"changed\": {\"fields\": [\"Car photo\"]}}]"
    }
},
{
    "model": "admin.logentry",
    "pk": 91,
    "fields": {
        "action_time": "2022-10-18T16:54:52.553Z",
        "user": [
            "venkatesh"
        ],
        "content_type": [
            "cars",
            "car"
        ],
        "object_id": "5",
        "object_repr": "Jaguar F-PACE",
        "action_flag": 2,
        "change_message": "[{\"changed\": {\"fields\": [\"Car photo 1\", \"Car photo 2\", \"Car photo 3\", \"Car photo 4\"]}}]"
    }
},
{
    "model": "admin.logentry",
    "pk": 92,
    "fields": {
        "action_time": "2022-10-18T16:55:28.889Z",
        "user": [
            "venkatesh"
        ],
        "content_type": [
            "cars",
            "car"
        ],
        "object_id": "4",
        "object_repr": "Ford F-250 Super Duty",
        "action_flag": 2,
        "change_message": "[{\"changed\": {\"fields\": [\"Car photo 1\", \"Car photo 2\", \"Car photo 3\", \"Car photo 4\"]}}]"
    }
},
{
    "model": "admin.logentry",
    "pk": 93,
    "fields": {
        "action_time": "2022-10-18T16:56:05.696Z",
        "user": [
            "venkatesh"
        ],
        "content_type": [
            "cars",
            "car"
        ],
        "object_id": "3",
        "object_repr": "Ford Edge",
        "action_flag": 2,
        "change_message": "[{\"changed\": {\"fields\": [\"Car photo 1\", \"Car photo 2\", \"Car photo 3\", \"Car photo 4\"]}}]"
    }
},
{
    "model": "admin.logentry",
    "pk": 94,
    "fields": {
        "action_time": "2022-10-18T16:56:37.739Z",
        "user": [
            "venkatesh"
        ],
        "content_type": [
            "cars",
            "car"
        ],
        "object_id": "2",
        "object_repr": "Toyota 4Runner",
        "action_flag": 2,
        "change_message": "[{\"changed\": {\"fields\": [\"Car photo\", \"Car photo 1\", \"Car photo 2\", \"Car photo 3\", \"Car photo 4\"]}}]"
    }
},
{
    "model": "admin.logentry",
    "pk": 95,
    "fields": {
        "action_time": "2022-10-18T16:57:12.524Z",
        "user": [
            "venkatesh"
        ],
        "content_type": [
            "cars",
            "car"
        ],
        "object_id": "1",
        "object_repr": "Ferrari 488 GTB",
        "action_flag": 2,
        "change_message": "[{\"changed\": {\"fields\": [\"Car photo\", \"Car photo 1\", \"Car photo 2\", \"Car photo 3\", \"Car photo 4\"]}}]"
    }
},
{
    "model": "admin.logentry",
    "pk": 96,
    "fields": {
        "action_time": "2022-10-19T15:27:28.830Z",
        "user": [
            "venkatesh"
        ],
        "content_type": [
            "auth",
            "user"
        ],
        "object_id": "2",
        "object_repr": "venkatesh",
        "action_flag": 2,
        "change_message": "[{\"changed\": {\"fields\": [\"First name\", \"Last name\"]}}]"
    }
},
{
    "model": "admin.logentry",
    "pk": 97,
    "fields": {
        "action_time": "2022-10-19T15:27:43.142Z",
        "user": [
            "venkatesh"
        ],
        "content_type": [
            "auth",
            "user"
        ],
        "object_id": "1",
        "object_repr": "admin",
        "action_flag": 2,
        "change_message": "[{\"changed\": {\"fields\": [\"First name\", \"Last name\"]}}]"
    }
},
{
    "model": "admin.logentry",
    "pk": 98,
    "fields": {
        "action_time": "2022-10-19T15:28:15.875Z",
        "user": [
            "venkatesh"
        ],
        "content_type": [
            "auth",
            "user"
        ],
        "object_id": "2",
        "object_repr": "venkatesh",
        "action_flag": 2,
        "change_message": "[{\"changed\": {\"fields\": [\"First name\", \"Last name\"]}}]"
    }
},
{
    "model": "admin.logentry",
    "pk": 99,
    "fields": {
        "action_time": "2022-10-19T16:16:41.362Z",
        "user": [
            "venkatesh"
        ],
        "content_type": [
            "auth",
            "user"
        ],
        "object_id": "1",
        "object_repr": "admin",
        "action_flag": 2,
        "change_message": "[{\"changed\": {\"fields\": [\"Email address\"]}}]"
    }
},
{
    "model": "admin.logentry",
    "pk": 100,
    "fields": {
        "action_time": "2022-10-20T02:45:14.396Z",
        "user": [
            "venkatesh"
        ],
        "content_type": [
            "auth",
            "user"
        ],
        "object_id": "3",
        "object_repr": "venkat077",
        "action_flag": 3,
        "change_message": ""
    }
},
{
    "model": "admin.logentry",
    "pk": 101,
    "fields": {
        "action_time": "2022-10-23T14:36:12.003Z",
        "user": [
            "admin"
        ],
        "content_type": [
            "cars",
            "car"
        ],
        "object_id": "8",
        "object_repr": "Audi",
        "action_flag": 1,
        "change_message": "[{\"added\": {}}]"
    }
},
{
    "model": "admin.logentry",
    "pk": 102,
    "fields": {
        "action_time": "2022-10-23T14:49:01.334Z",
        "user": [
            "admin"
        ],
        "content_type": [
            "cars",
            "car"
        ],
        "object_id": "8",
        "object_repr": "Audi e-tron 50",
        "action_flag": 2,
        "change_message": "[{\"changed\": {\"fields\": [\"Car title\", \"Model\"]}}]"
    }
},
{
    "model": "admin.logentry",
    "pk": 103,
    "fields": {
        "action_time": "2022-10-23T14:49:49.759Z",
        "user": [
            "admin"
        ],
        "content_type": [
            "cars",
            "car"
        ],
        "object_id": "8",
        "object_repr": "Audi e-tron 50",
        "action_flag": 2,
        "change_message": "[{\"changed\": {\"fields\": [\"Car photo\", \"Car photo 3\", \"Car photo 4\"]}}]"
    }
},
{
    "model": "admin.logentry",
    "pk": 104,
    "fields": {
        "action_time": "2022-10-23T14:52:40.751Z",
        "user": [
            "admin"
        ],
        "content_type": [
            "cars",
            "car"
        ],
        "object_id": "8",
        "object_repr": "Audi e-tron 50",
        "action_flag": 2,
        "change_message": "[{\"changed\": {\"fields\": [\"Car photo\", \"Car photo 2\"]}}]"
    }
},
{
    "model": "admin.logentry",
    "pk": 105,
    "fields": {
        "action_time": "2022-10-23T14:53:44.523Z",
        "user": [
            "admin"
        ],
        "content_type": [
            "cars",
            "car"
        ],
        "object_id": "8",
        "object_repr": "Audi e-tron 50",
        "action_flag": 2,
        "change_message": "[{\"changed\": {\"fields\": [\"Car photo\", \"Car photo 3\"]}}]"
    }
},
{
    "model": "admin.logentry",
    "pk": 106,
    "fields": {
        "action_time": "2022-10-23T14:54:51.940Z",
        "user": [
            "admin"
        ],
        "content_type": [
            "cars",
            "car"
        ],
        "object_id": "8",
        "object_repr": "Audi e-tron 50",
        "action_flag": 2,
        "change_message": "[{\"changed\": {\"fields\": [\"Car photo 3\"]}}]"
    }
},
{
    "model": "admin.logentry",
    "pk": 107,
    "fields": {
        "action_time": "2022-10-23T14:56:26.389Z",
        "user": [
            "admin"
        ],
        "content_type": [
            "cars",
            "car"
        ],
        "object_id": "5",
        "object_repr": "Jaguar F-PACE",
        "action_flag": 2,
        "change_message": "[{\"changed\": {\"fields\": [\"Engine\"]}}]"
    }
},
{
    "model": "admin.logentry",
    "pk": 108,
    "fields": {
        "action_time": "2022-10-23T15:16:13.754Z",
        "user": [
            "admin"
        ],
        "content_type": [
            "cars",
            "car"
        ],
        "object_id": "9",
        "object_repr": "Audi e-tron GT",
        "action_flag": 1,
        "change_message": "[{\"added\": {}}]"
    }
},
{
    "model": "admin.logentry",
    "pk": 109,
    "fields": {
        "action_time": "2022-10-23T15:24:16.056Z",
        "user": [
            "admin"
        ],
        "content_type": [
            "cars",
            "car"
        ],
        "object_id": "7",
        "object_repr": "Lamborghini Hurac치n",
        "action_flag": 2,
        "change_message": "[{\"changed\": {\"fields\": [\"Car photo\"]}}]"
    }
},
{
    "model": "admin.logentry",
    "pk": 110,
    "fields": {
        "action_time": "2022-10-23T15:24:57.944Z",
        "user": [
            "admin"
        ],
        "content_type": [
            "cars",
            "car"
        ],
        "object_id": "7",
        "object_repr": "Lamborghini Hurac치n",
        "action_flag": 2,
        "change_message": "[{\"changed\": {\"fields\": [\"Car photo\"]}}]"
    }
},
{
    "model": "admin.logentry",
    "pk": 111,
    "fields": {
        "action_time": "2022-10-23T15:28:08.929Z",
        "user": [
            "admin"
        ],
        "content_type": [
            "cars",
            "car"
        ],
        "object_id": "9",
        "object_repr": "Audi e-tron GT",
        "action_flag": 2,
        "change_message": "[{\"changed\": {\"fields\": [\"Car photo\"]}}]"
    }
},
{
    "model": "admin.logentry",
    "pk": 112,
    "fields": {
        "action_time": "2022-10-23T15:46:24.692Z",
        "user": [
            "admin"
        ],
        "content_type": [
            "cars",
            "car"
        ],
        "object_id": "10",
        "object_repr": "Land Rover Range Rover Sport",
        "action_flag": 1,
        "change_message": "[{\"added\": {}}]"
    }
},
{
    "model": "admin.logentry",
    "pk": 113,
    "fields": {
        "action_time": "2022-10-23T15:46:51.949Z",
        "user": [
            "admin"
        ],
        "content_type": [
            "cars",
            "car"
        ],
        "object_id": "6",
        "object_repr": "Toyota Corolla",
        "action_flag": 2,
        "change_message": "[{\"changed\": {\"fields\": [\"Is featured\"]}}]"
    }
},
{
    "model": "admin.logentry",
    "pk": 114,
    "fields": {
        "action_time": "2022-10-23T15:49:59.664Z",
        "user": [
            "admin"
        ],
        "content_type": [
            "cars",
            "car"
        ],
        "object_id": "6",
        "object_repr": "Toyota Corolla",
        "action_flag": 2,
        "change_message": "[{\"changed\": {\"fields\": [\"Car photo\"]}}]"
    }
},
{
    "model": "admin.logentry",
    "pk": 115,
    "fields": {
        "action_time": "2022-10-23T15:55:13.895Z",
        "user": [
            "admin"
        ],
        "content_type": [
            "cars",
            "car"
        ],
        "object_id": "1",
        "object_repr": "Ferrari 488 GTB",
        "action_flag": 2,
        "change_message": "[{\"changed\": {\"fields\": [\"Price\"]}}]"
    }
},
{
    "model": "admin.logentry",
    "pk": 116,
    "fields": {
        "action_time": "2022-10-23T15:56:42.966Z",
        "user": [
            "admin"
        ],
        "content_type": [
            "cars",
            "car"
        ],
        "object_id": "5",
        "object_repr": "Jaguar F-PACE",
        "action_flag": 2,
        "change_message": "[{\"changed\": {\"fields\": [\"Price\"]}}]"
    }
},
{
    "model": "admin.logentry",
    "pk": 117,
    "fields": {
        "action_time": "2022-10-23T15:57:44.533Z",
        "user": [
            "admin"
        ],
        "content_type": [
            "cars",
            "car"
        ],
        "object_id": "3",
        "object_repr": "Ford Edge",
        "action_flag": 2,
        "change_message": "[{\"changed\": {\"fields\": [\"Price\"]}}]"
    }
},
{
    "model": "admin.logentry",
    "pk": 118,
    "fields": {
        "action_time": "2022-10-23T16:00:28.969Z",
        "user": [
            "admin"
        ],
        "content_type": [
            "cars",
            "car"
        ],
        "object_id": "2",
        "object_repr": "Toyota 4Runner",
        "action_flag": 2,
        "change_message": "[{\"changed\": {\"fields\": [\"Car photo\"]}}]"
    }
},
{
    "model": "admin.logentry",
    "pk": 119,
    "fields": {
        "action_time": "2022-10-23T16:02:29.617Z",
        "user": [
            "admin"
        ],
        "content_type": [
            "cars",
            "car"
        ],
        "object_id": "4",
        "object_repr": "Ford F-250 Super Duty",
        "action_flag": 2,
        "change_message": "[{\"changed\": {\"fields\": [\"Price\"]}}]"
    }
},
{
    "model": "admin.logentry",
    "pk": 120,
    "fields": {
        "action_time": "2022-10-23T16:19:12.208Z",
        "user": [
            "admin"
        ],
        "content_type": [
            "cars",
            "car"
        ],
        "object_id": "11",
        "object_repr": "Hyundai Verna",
        "action_flag": 1,
        "change_message": "[{\"added\": {}}]"
    }
},
{
    "model": "admin.logentry",
    "pk": 121,
    "fields": {
        "action_time": "2022-10-23T16:38:38.217Z",
        "user": [
            "admin"
        ],
        "content_type": [
            "cars",
            "car"
        ],
        "object_id": "12",
        "object_repr": "Tata Nexon",
        "action_flag": 1,
        "change_message": "[{\"added\": {}}]"
    }
},
{
    "model": "admin.logentry",
    "pk": 122,
    "fields": {
        "action_time": "2022-10-23T16:39:02.862Z",
        "user": [
            "admin"
        ],
        "content_type": [
            "cars",
            "car"
        ],
        "object_id": "12",
        "object_repr": "Tata Nexon",
        "action_flag": 2,
        "change_message": "[{\"changed\": {\"fields\": [\"Is featured\"]}}]"
    }
},
{
    "model": "admin.logentry",
    "pk": 123,
    "fields": {
        "action_time": "2022-10-24T05:16:48.340Z",
        "user": [
            "venkatesh"
        ],
        "content_type": [
            "cars",
            "car"
        ],
        "object_id": "7",
        "object_repr": "Lamborghini Hurac치n",
        "action_flag": 2,
        "change_message": "[{\"changed\": {\"fields\": [\"Price\"]}}]"
    }
},
{
    "model": "admin.logentry",
    "pk": 124,
    "fields": {
        "action_time": "2022-10-25T05:08:33.198Z",
        "user": [
            "venkatesh"
        ],
        "content_type": [
            "cars",
            "car"
        ],
        "object_id": "5",
        "object_repr": "Jaguar F-PACE",
        "action_flag": 2,
        "change_message": "[{\"changed\": {\"fields\": [\"Car photo 3\", \"Car photo 4\"]}}]"
    }
},
{
    "model": "admin.logentry",
    "pk": 125,
    "fields": {
        "action_time": "2022-10-25T05:11:00.280Z",
        "user": [
            "venkatesh"
        ],
        "content_type": [
            "cars",
            "car"
        ],
        "object_id": "5",
        "object_repr": "Jaguar F-PACE",
        "action_flag": 2,
        "change_message": "[{\"changed\": {\"fields\": [\"Car photo 4\"]}}]"
    }
},
{
    "model": "admin.logentry",
    "pk": 126,
    "fields": {
        "action_time": "2022-10-25T05:13:04.168Z",
        "user": [
            "venkatesh"
        ],
        "content_type": [
            "cars",
            "car"
        ],
        "object_id": "1",
        "object_repr": "Ferrari 488 GTB",
        "action_flag": 2,
        "change_message": "[{\"changed\": {\"fields\": [\"Description\"]}}]"
    }
},
{
    "model": "admin.logentry",
    "pk": 127,
    "fields": {
        "action_time": "2022-10-25T05:13:52.077Z",
        "user": [
            "venkatesh"
        ],
        "content_type": [
            "cars",
            "car"
        ],
        "object_id": "5",
        "object_repr": "Jaguar F-PACE",
        "action_flag": 2,
        "change_message": "[{\"changed\": {\"fields\": [\"Description\"]}}]"
    }
},
{
    "model": "admin.logentry",
    "pk": 128,
    "fields": {
        "action_time": "2022-10-25T05:14:14.150Z",
        "user": [
            "venkatesh"
        ],
        "content_type": [
            "cars",
            "car"
        ],
        "object_id": "6",
        "object_repr": "Toyota Corolla",
        "action_flag": 2,
        "change_message": "[{\"changed\": {\"fields\": [\"Description\"]}}]"
    }
},
{
    "model": "admin.logentry",
    "pk": 129,
    "fields": {
        "action_time": "2022-10-25T05:14:37.981Z",
        "user": [
            "venkatesh"
        ],
        "content_type": [
            "cars",
            "car"
        ],
        "object_id": "7",
        "object_repr": "Lamborghini Hurac치n",
        "action_flag": 2,
        "change_message": "[{\"changed\": {\"fields\": [\"Description\"]}}]"
    }
},
{
    "model": "admin.logentry",
    "pk": 130,
    "fields": {
        "action_time": "2022-10-25T06:37:22.311Z",
        "user": [
            "venkatesh"
        ],
        "content_type": [
            "cars",
            "car"
        ],
        "object_id": "10",
        "object_repr": "Land Rover Range Rover Sport",
        "action_flag": 2,
        "change_message": "[{\"changed\": {\"fields\": [\"Description\"]}}]"
    }
},
{
    "model": "admin.logentry",
    "pk": 131,
    "fields": {
        "action_time": "2022-10-25T06:37:32.772Z",
        "user": [
            "venkatesh"
        ],
        "content_type": [
            "cars",
            "car"
        ],
        "object_id": "9",
        "object_repr": "Audi e-tron GT",
        "action_flag": 2,
        "change_message": "[]"
    }
},
{
    "model": "admin.logentry",
    "pk": 132,
    "fields": {
        "action_time": "2022-10-25T06:37:40.105Z",
        "user": [
            "venkatesh"
        ],
        "content_type": [
            "cars",
            "car"
        ],
        "object_id": "8",
        "object_repr": "Audi e-tron 50",
        "action_flag": 2,
        "change_message": "[]"
    }
},
{
    "model": "admin.logentry",
    "pk": 133,
    "fields": {
        "action_time": "2022-10-25T06:38:25.967Z",
        "user": [
            "venkatesh"
        ],
        "content_type": [
            "cars",
            "car"
        ],
        "object_id": "7",
        "object_repr": "Lamborghini Huracan",
        "action_flag": 2,
        "change_message": "[{\"changed\": {\"fields\": [\"Car title\", \"Description\"]}}]"
    }
},
{
    "model": "admin.logentry",
    "pk": 134,
    "fields": {
        "action_time": "2022-10-25T06:38:58.612Z",
        "user": [
            "venkatesh"
        ],
        "content_type": [
            "cars",
            "car"
        ],
        "object_id": "6",
        "object_repr": "Toyota Corolla",
        "action_flag": 2,
        "change_message": "[{\"changed\": {\"fields\": [\"Description\"]}}]"
    }
},
{
    "model": "admin.logentry",
    "pk": 135,
    "fields": {
        "action_time": "2022-10-25T06:39:09.368Z",
        "user": [
            "venkatesh"
        ],
        "content_type": [
            "cars",
            "car"
        ],
        "object_id": "5",
        "object_repr": "Jaguar F-PACE",
        "action_flag": 2,
        "change_message": "[]"
    }
},
{
    "model": "admin.logentry",
    "pk": 136,
    "fields": {
        "action_time": "2022-10-25T06:39:18.304Z",
        "user": [
            "venkatesh"
        ],
        "content_type": [
            "cars",
            "car"
        ],
        "object_id": "4",
        "object_repr": "Ford F-250 Super Duty",
        "action_flag": 2,
        "change_message": "[]"
    }
},
{
    "model": "admin.logentry",
    "pk": 137,
    "fields": {
        "action_time": "2022-10-25T06:39:26.698Z",
        "user": [
            "venkatesh"
        ],
        "content_type": [
            "cars",
            "car"
        ],
        "object_id": "3",
        "object_repr": "Ford Edge",
        "action_flag": 2,
        "change_message": "[]"
    }
},
{
    "model": "admin.logentry",
    "pk": 138,
    "fields": {
        "action_time": "2022-10-25T06:39:55.205Z",
        "user": [
            "venkatesh"
        ],
        "content_type": [
            "cars",
            "car"
        ],
        "object_id": "2",
        "object_repr": "Toyota 4Runner",
        "action_flag": 2,
        "change_message": "[{\"changed\": {\"fields\": [\"Description\"]}}]"
    }
},
{
    "model": "admin.logentry",
    "pk": 139,
    "fields": {
        "action_time": "2022-10-25T06:40:03.247Z",
        "user": [
            "venkatesh"
        ],
        "content_type": [
            "cars",
            "car"
        ],
        "object_id": "1",
        "object_repr": "Ferrari 488 GTB",
        "action_flag": 2,
        "change_message": "[]"
    }
},
{
    "model": "admin.logentry",
    "pk": 140,
    "fields": {
        "action_time": "2022-10-26T11:30:58.465Z",
        "user": [
            "venkatesh"
        ],
        "content_type": [
            "cars",
            "car"
        ],
        "object_id": "12",
        "object_repr": "Tata Nexon",
        "action_flag": 2,
        "change_message": "[{\"changed\": {\"fields\": [\"Description\"]}}]"
    }
},
{
    "model": "admin.logentry",
    "pk": 141,
    "fields": {
        "action_time": "2022-10-26T11:31:33.988Z",
        "user": [
            "venkatesh"
        ],
        "content_type": [
            "cars",
            "car"
        ],
        "object_id": "12",
        "object_repr": "Tata Nexon",
        "action_flag": 2,
        "change_message": "[]"
    }
},
{
    "model": "admin.logentry",
    "pk": 142,
    "fields": {
        "action_time": "2022-10-26T11:32:16.591Z",
        "user": [
            "venkatesh"
        ],
        "content_type": [
            "cars",
            "car"
        ],
        "object_id": "11",
        "object_repr": "Hyundai Verna",
        "action_flag": 2,
        "change_message": "[{\"changed\": {\"fields\": [\"Description\"]}}]"
    }
},
{
    "model": "admin.logentry",
    "pk": 143,
    "fields": {
        "action_time": "2022-10-26T11:33:50.591Z",
        "user": [
            "venkatesh"
        ],
        "content_type": [
            "cars",
            "car"
        ],
        "object_id": "10",
        "object_repr": "Land Rover Range Rover Sport",
        "action_flag": 2,
        "change_message": "[{\"changed\": {\"fields\": [\"Description\"]}}]"
    }
},
{
    "model": "admin.logentry",
    "pk": 144,
    "fields": {
        "action_time": "2022-10-26T11:37:45.240Z",
        "user": [
            "venkatesh"
        ],
        "content_type": [
            "cars",
            "car"
        ],
        "object_id": "9",
        "object_repr": "Audi e-tron GT",
        "action_flag": 2,
        "change_message": "[{\"changed\": {\"fields\": [\"Description\"]}}]"
    }
},
{
    "model": "admin.logentry",
    "pk": 145,
    "fields": {
        "action_time": "2022-10-26T11:39:03.727Z",
        "user": [
            "venkatesh"
        ],
        "content_type": [
            "cars",
            "car"
        ],
        "object_id": "8",
        "object_repr": "Audi e-tron 50",
        "action_flag": 2,
        "change_message": "[{\"changed\": {\"fields\": [\"Description\"]}}]"
    }
},
{
    "model": "admin.logentry",
    "pk": 146,
    "fields": {
        "action_time": "2022-10-26T11:43:15.901Z",
        "user": [
            "venkatesh"
        ],
        "content_type": [
            "cars",
            "car"
        ],
        "object_id": "7",
        "object_repr": "Lamborghini Huracan",
        "action_flag": 2,
        "change_message": "[{\"changed\": {\"fields\": [\"Description\", \"Car photo 3\", \"Car photo 4\"]}}]"
    }
},
{
    "model": "admin.logentry",
    "pk": 147,
    "fields": {
        "action_time": "2022-10-26T11:46:00.330Z",
        "user": [
            "venkatesh"
        ],
        "content_type": [
            "cars",
            "car"
        ],
        "object_id": "1",
        "object_repr": "Ferrari 488 GTB",
        "action_flag": 2,
        "change_message": "[{\"changed\": {\"fields\": [\"Description\"]}}]"
    }
},
{
    "model": "admin.logentry",
    "pk": 148,
    "fields": {
        "action_time": "2022-10-26T11:47:53.316Z",
        "user": [
            "venkatesh"
        ],
        "content_type": [
            "cars",
            "car"
        ],
        "object_id": "2",
        "object_repr": "Toyota 4Runner",
        "action_flag": 2,
        "change_message": "[{\"changed\": {\"fields\": [\"Description\"]}}]"
    }
},
{
    "model": "admin.logentry",
    "pk": 149,
    "fields": {
        "action_time": "2022-10-26T12:28:52.112Z",
        "user": [
            "venkatesh"
        ],
        "content_type": [
            "cars",
            "car"
        ],
        "object_id": "6",
        "object_repr": "Toyota Corolla",
        "action_flag": 2,
        "change_message": "[{\"changed\": {\"fields\": [\"Description\"]}}]"
    }
},
{
    "model": "admin.logentry",
    "pk": 150,
    "fields": {
        "action_time": "2022-10-26T12:32:55.754Z",
        "user": [
            "venkatesh"
        ],
        "content_type": [
            "cars",
            "car"
        ],
        "object_id": "5",
        "object_repr": "Jaguar F-PACE",
        "action_flag": 2,
        "change_message": "[{\"changed\": {\"fields\": [\"Description\"]}}]"
    }
},
{
    "model": "admin.logentry",
    "pk": 151,
    "fields": {
        "action_time": "2022-10-26T12:33:02.468Z",
        "user": [
            "venkatesh"
        ],
        "content_type": [
            "cars",
            "car"
        ],
        "object_id": "6",
        "object_repr": "Toyota Corolla",
        "action_flag": 2,
        "change_message": "[]"
    }
},
{
    "model": "admin.logentry",
    "pk": 152,
    "fields": {
        "action_time": "2022-10-26T12:34:23.637Z",
        "user": [
            "venkatesh"
        ],
        "content_type": [
            "cars",
            "car"
        ],
        "object_id": "4",
        "object_repr": "Ford F-250 Super Duty",
        "action_flag": 2,
        "change_message": "[{\"changed\": {\"fields\": [\"Description\"]}}]"
    }
},
{
    "model": "admin.logentry",
    "pk": 153,
    "fields": {
        "action_time": "2022-10-26T12:35:45.704Z",
        "user": [
            "venkatesh"
        ],
        "content_type": [
            "cars",
            "car"
        ],
        "object_id": "3",
        "object_repr": "Ford Edge",
        "action_flag": 2,
        "change_message": "[{\"changed\": {\"fields\": [\"Description\"]}}]"
    }
},
{
    "model": "admin.logentry",
    "pk": 154,
    "fields": {
        "action_time": "2022-10-26T12:36:17.875Z",
        "user": [
            "venkatesh"
        ],
        "content_type": [
            "cars",
            "car"
        ],
        "object_id": "2",
        "object_repr": "Toyota 4Runner",
        "action_flag": 2,
        "change_message": "[{\"changed\": {\"fields\": [\"Description\"]}}]"
    }
},
{
    "model": "admin.logentry",
    "pk": 155,
    "fields": {
        "action_time": "2022-10-26T12:37:04.082Z",
        "user": [
            "venkatesh"
        ],
        "content_type": [
            "cars",
            "car"
        ],
        "object_id": "1",
        "object_repr": "Ferrari 488 GTB",
        "action_flag": 2,
        "change_message": "[{\"changed\": {\"fields\": [\"Color\"]}}]"
    }
}
]
